"filepath"	"local"	"posted"	"tagged"	"assigned_to"
"./mm_nwis_01548303-1-170406 1.0.2 bayes_15min.RData"	FALSE	TRUE	TRUE	NA
"./mm_nwis_02168504-2-170406 1.0.2 bayes_60min.RData"	FALSE	TRUE	TRUE	NA
"./mm_nwis_03292480-3-170406 1.0.2 bayes_15min.RData"	FALSE	TRUE	TRUE	NA
"./mm_nwis_03293000-4-170406 1.0.2 bayes_15min.RData"	FALSE	TRUE	TRUE	NA
"./mm_nwis_03298200-5-170406 1.0.2 bayes_15min.RData"	FALSE	TRUE	TRUE	NA
"./mm_nwis_05418400-6-170406 1.0.2 bayes_15min.RData"	FALSE	TRUE	TRUE	NA
"./mm_nwis_05420500-7-170406 1.0.2 bayes_15min.RData"	FALSE	TRUE	TRUE	NA
"./mm_nwis_07191222-8-170406 1.0.2 bayes_30min.RData"	FALSE	TRUE	TRUE	NA
"./mm_nwis_07241550-9-170406 1.0.2 bayes_30min.RData"	FALSE	TRUE	TRUE	NA
"./mm_nwis_08070200-10-170406 1.0.2 bayes_15min.RData"	FALSE	TRUE	TRUE	NA
"./mm_nwis_08155500-11-170406 1.0.2 bayes_15min.RData"	FALSE	TRUE	TRUE	NA
"./mm_nwis_01104430-12-170406 1.0.2 bayes_15min.RData"	FALSE	TRUE	TRUE	NA
"./mm_nwis_01184000-13-170406 1.0.2 bayes_15min.RData"	FALSE	TRUE	TRUE	NA
"./mm_nwis_01193050-14-170406 1.0.2 bayes_15min.RData"	FALSE	TRUE	TRUE	NA
"./mm_nwis_01388000-15-170406 1.0.2 bayes_60min.RData"	FALSE	TRUE	TRUE	NA
"./mm_nwis_01400500-16-170406 1.0.2 bayes_60min.RData"	FALSE	TRUE	TRUE	NA
"./mm_nwis_01454700-17-170406 1.0.2 bayes_15min.RData"	FALSE	TRUE	TRUE	NA
"./mm_nwis_01473500-18-170406 1.0.2 bayes_15min.RData"	FALSE	TRUE	TRUE	NA
"./mm_nwis_01473500-19-170406 1.0.2 bayes_30min.RData"	FALSE	TRUE	TRUE	NA
"./mm_nwis_01474500-20-170406 1.0.2 bayes_30min.RData"	FALSE	TRUE	TRUE	NA
"./mm_nwis_01480617-21-170406 1.0.2 bayes_30min.RData"	FALSE	TRUE	TRUE	NA
"./mm_nwis_01484525-22-170406 1.0.2 bayes_15min.RData"	FALSE	TRUE	TRUE	NA
"./mm_nwis_01487150-23-170406 1.0.2 bayes_15min.RData"	FALSE	TRUE	TRUE	NA
"./mm_nwis_01570500-24-170406 1.0.2 bayes_30min.RData"	FALSE	TRUE	TRUE	NA
"./mm_nwis_01646500-25-170406 1.0.2 bayes_15min.RData"	FALSE	TRUE	TRUE	NA
"./mm_nwis_02110550-26-170406 1.0.2 bayes_15min.RData"	FALSE	TRUE	TRUE	NA
"./mm_nwis_02110704-27-170406 1.0.2 bayes_15min.RData"	FALSE	TRUE	TRUE	NA
"./mm_nwis_02160105-28-170406 1.0.2 bayes_60min.RData"	FALSE	TRUE	TRUE	NA
"./mm_nwis_02162035-29-170406 1.0.2 bayes_15min.RData"	FALSE	TRUE	TRUE	NA
"./mm_nwis_02169000-30-170406 1.0.2 bayes_60min.RData"	FALSE	TRUE	TRUE	NA
"./mm_nwis_02203700-31-170406 1.0.2 bayes_15min.RData"	FALSE	TRUE	TRUE	NA
"./mm_nwis_02217643-32-170406 1.0.2 bayes_15min.RData"	FALSE	TRUE	TRUE	NA
"./mm_nwis_02234000-33-170406 1.0.2 bayes_15min.RData"	FALSE	TRUE	TRUE	NA
"./mm_nwis_02234000-34-170406 1.0.2 bayes_30min.RData"	FALSE	TRUE	TRUE	NA
"./mm_nwis_02234500-35-170406 1.0.2 bayes_15min.RData"	FALSE	TRUE	TRUE	NA
"./mm_nwis_02234500-36-170406 1.0.2 bayes_30min.RData"	FALSE	TRUE	TRUE	NA
"./mm_nwis_02235500-37-170406 1.0.2 bayes_15min.RData"	FALSE	TRUE	TRUE	NA
"./mm_nwis_02236000-38-170406 1.0.2 bayes_15min.RData"	FALSE	TRUE	TRUE	NA
"./mm_nwis_02236000-39-170406 1.0.2 bayes_30min.RData"	FALSE	TRUE	TRUE	NA
"./mm_nwis_02236125-40-170406 1.0.2 bayes_15min.RData"	FALSE	TRUE	TRUE	NA
"./mm_nwis_02236125-41-170406 1.0.2 bayes_30min.RData"	FALSE	TRUE	TRUE	NA
"./mm_nwis_02236125-42-170406 1.0.2 bayes_60min.RData"	FALSE	TRUE	TRUE	NA
"./mm_nwis_02244040-43-170406 1.0.2 bayes_15min.RData"	FALSE	TRUE	TRUE	NA
"./mm_nwis_02264000-44-170406 1.0.2 bayes_60min.RData"	FALSE	TRUE	TRUE	NA
"./mm_nwis_02266200-45-170406 1.0.2 bayes_60min.RData"	FALSE	TRUE	TRUE	NA
"./mm_nwis_02319302-46-170406 1.0.2 bayes_15min.RData"	FALSE	TRUE	TRUE	NA
"./mm_nwis_02320250-47-170406 1.0.2 bayes_15min.RData"	FALSE	TRUE	TRUE	NA
"./mm_nwis_02322688-48-170406 1.0.2 bayes_15min.RData"	FALSE	TRUE	TRUE	NA
"./mm_nwis_02397530-49-170406 1.0.2 bayes_15min.RData"	FALSE	TRUE	TRUE	NA
"./mm_nwis_02492620-50-170406 1.0.2 bayes_15min.RData"	FALSE	TRUE	TRUE	NA
"./mm_nwis_03025500-51-170406 1.0.2 bayes_15min.RData"	FALSE	TRUE	TRUE	NA
"./mm_nwis_03027500-52-170406 1.0.2 bayes_15min.RData"	FALSE	TRUE	TRUE	NA
"./mm_nwis_03036000-53-170406 1.0.2 bayes_60min.RData"	FALSE	TRUE	TRUE	NA
"./mm_nwis_03058000-54-170406 1.0.2 bayes_15min.RData"	FALSE	TRUE	TRUE	NA
"./mm_nwis_03058000-55-170406 1.0.2 bayes_30min.RData"	FALSE	TRUE	TRUE	NA
"./mm_nwis_03058000-56-170406 1.0.2 bayes_60min.RData"	FALSE	TRUE	TRUE	NA
"./mm_nwis_03061000-57-170406 1.0.2 bayes_15min.RData"	FALSE	TRUE	TRUE	NA
"./mm_nwis_03061000-58-170406 1.0.2 bayes_30min.RData"	FALSE	TRUE	TRUE	NA
"./mm_nwis_03061000-59-170406 1.0.2 bayes_60min.RData"	FALSE	TRUE	TRUE	NA
"./mm_nwis_03072655-60-170406 1.0.2 bayes_15min.RData"	FALSE	TRUE	TRUE	NA
"./mm_nwis_03075070-61-170406 1.0.2 bayes_15min.RData"	FALSE	TRUE	TRUE	NA
"./mm_nwis_03075070-62-170406 1.0.2 bayes_60min.RData"	FALSE	TRUE	TRUE	NA
"./mm_nwis_03083500-63-170406 1.0.2 bayes_15min.RData"	FALSE	TRUE	TRUE	NA
"./mm_nwis_03083500-64-170406 1.0.2 bayes_60min.RData"	FALSE	TRUE	TRUE	NA
"./mm_nwis_03121850-65-170406 1.0.2 bayes_60min.RData"	FALSE	TRUE	TRUE	NA
"./mm_nwis_03321500-66-170406 1.0.2 bayes_15min.RData"	FALSE	TRUE	TRUE	NA
"./mm_nwis_03346500-67-170406 1.0.2 bayes_15min.RData"	FALSE	TRUE	TRUE	NA
"./mm_nwis_03374100-68-170406 1.0.2 bayes_60min.RData"	FALSE	TRUE	TRUE	NA
"./mm_nwis_03539600-69-170406 1.0.2 bayes_30min.RData"	FALSE	TRUE	TRUE	NA
"./mm_nwis_03597860-70-170406 1.0.2 bayes_30min.RData"	FALSE	TRUE	TRUE	NA
"./mm_nwis_03597860-71-170406 1.0.2 bayes_60min.RData"	FALSE	TRUE	TRUE	NA
"./mm_nwis_04024000-72-170406 1.0.2 bayes_60min.RData"	FALSE	TRUE	TRUE	NA
"./mm_nwis_040851385-73-170406 1.0.2 bayes_5min.RData"	FALSE	TRUE	TRUE	NA
"./mm_nwis_040871488-74-170406 1.0.2 bayes_60min.RData"	FALSE	TRUE	TRUE	NA
"./mm_nwis_04095090-75-170406 1.0.2 bayes_15min.RData"	FALSE	TRUE	TRUE	NA
"./mm_nwis_04108660-76-170406 1.0.2 bayes_15min.RData"	FALSE	TRUE	TRUE	NA
"./mm_nwis_04121944-77-170406 1.0.2 bayes_60min.RData"	FALSE	TRUE	TRUE	NA
"./mm_nwis_04121970-78-170406 1.0.2 bayes_60min.RData"	FALSE	TRUE	TRUE	NA
"./mm_nwis_04124000-79-170406 1.0.2 bayes_15min.RData"	FALSE	TRUE	TRUE	NA
"./mm_nwis_04124000-80-170406 1.0.2 bayes_60min.RData"	FALSE	TRUE	TRUE	NA
"./mm_nwis_04136000-81-170406 1.0.2 bayes_60min.RData"	FALSE	TRUE	TRUE	NA
"./mm_nwis_04136900-82-170406 1.0.2 bayes_60min.RData"	FALSE	TRUE	TRUE	NA
"./mm_nwis_04137005-83-170406 1.0.2 bayes_15min.RData"	FALSE	TRUE	TRUE	NA
"./mm_nwis_04157005-84-170406 1.0.2 bayes_12min.RData"	FALSE	TRUE	TRUE	NA
"./mm_nwis_04165500-85-170406 1.0.2 bayes_15min.RData"	FALSE	TRUE	TRUE	NA
"./mm_nwis_04195500-86-170406 1.0.2 bayes_60min.RData"	FALSE	TRUE	TRUE	NA
"./mm_nwis_04231600-87-170406 1.0.2 bayes_15min.RData"	FALSE	TRUE	TRUE	NA
"./mm_nwis_04249000-88-170406 1.0.2 bayes_15min.RData"	FALSE	TRUE	TRUE	NA
"./mm_nwis_05054000-89-170406 1.0.2 bayes_30min.RData"	FALSE	TRUE	TRUE	NA
"./mm_nwis_05054000-90-170406 1.0.2 bayes_60min.RData"	FALSE	TRUE	TRUE	NA
"./mm_nwis_05082500-91-170406 1.0.2 bayes_15min.RData"	FALSE	TRUE	TRUE	NA
"./mm_nwis_05446500-92-170406 1.0.2 bayes_15min.RData"	FALSE	TRUE	TRUE	NA
"./mm_nwis_05515500-93-170406 1.0.2 bayes_15min.RData"	FALSE	TRUE	TRUE	NA
"./mm_nwis_05518000-94-170406 1.0.2 bayes_15min.RData"	FALSE	TRUE	TRUE	NA
"./mm_nwis_05595000-95-170406 1.0.2 bayes_15min.RData"	FALSE	TRUE	TRUE	NA
"./mm_nwis_05599490-96-170406 1.0.2 bayes_15min.RData"	FALSE	TRUE	TRUE	NA
"./mm_nwis_06461500-97-170406 1.0.2 bayes_15min.RData"	FALSE	TRUE	TRUE	NA
"./mm_nwis_06465500-98-170406 1.0.2 bayes_15min.RData"	FALSE	TRUE	TRUE	NA
"./mm_nwis_06800500-99-170406 1.0.2 bayes_15min.RData"	FALSE	TRUE	TRUE	NA
"./mm_nwis_06805500-100-170406 1.0.2 bayes_15min.RData"	FALSE	TRUE	TRUE	NA
"./mm_nwis_06934500-101-170406 1.0.2 bayes_15min.RData"	FALSE	TRUE	TRUE	NA
"./mm_nwis_07106000-102-170406 1.0.2 bayes_30min.RData"	FALSE	TRUE	TRUE	NA
"./mm_nwis_07109500-103-170406 1.0.2 bayes_30min.RData"	FALSE	TRUE	TRUE	NA
"./mm_nwis_07164500-104-170406 1.0.2 bayes_30min.RData"	FALSE	TRUE	TRUE	NA
"./mm_nwis_07198000-105-170406 1.0.2 bayes_30min.RData"	FALSE	TRUE	TRUE	NA
"./mm_nwis_07241520-106-170406 1.0.2 bayes_30min.RData"	FALSE	TRUE	TRUE	NA
"./mm_nwis_072632966-107-170406 1.0.2 bayes_15min.RData"	FALSE	TRUE	TRUE	NA
"./mm_nwis_07374000-108-170406 1.0.2 bayes_60min.RData"	FALSE	TRUE	TRUE	NA
"./mm_nwis_07381600-109-170406 1.0.2 bayes_60min.RData"	FALSE	TRUE	TRUE	NA
"./mm_nwis_08048000-110-170406 1.0.2 bayes_15min.RData"	FALSE	TRUE	TRUE	NA
"./mm_nwis_08052745-111-170406 1.0.2 bayes_15min.RData"	FALSE	TRUE	TRUE	NA
"./mm_nwis_08057000-112-170406 1.0.2 bayes_15min.RData"	FALSE	TRUE	TRUE	NA
"./mm_nwis_08317400-113-170406 1.0.2 bayes_30min.RData"	FALSE	TRUE	TRUE	NA
"./mm_nwis_08317400-114-170406 1.0.2 bayes_60min.RData"	FALSE	TRUE	TRUE	NA
"./mm_nwis_08375300-115-170406 1.0.2 bayes_15min.RData"	FALSE	TRUE	TRUE	NA
"./mm_nwis_08437710-116-170406 1.0.2 bayes_15min.RData"	FALSE	TRUE	TRUE	NA
"./mm_nwis_08446500-117-170406 1.0.2 bayes_15min.RData"	FALSE	TRUE	TRUE	NA
"./mm_nwis_08447000-118-170406 1.0.2 bayes_15min.RData"	FALSE	TRUE	TRUE	NA
"./mm_nwis_09041400-119-170406 1.0.2 bayes_30min.RData"	FALSE	TRUE	TRUE	NA
"./mm_nwis_10129900-120-170406 1.0.2 bayes_15min.RData"	FALSE	TRUE	TRUE	NA
"./mm_nwis_10129900-121-170406 1.0.2 bayes_60min.RData"	FALSE	TRUE	TRUE	NA
"./mm_nwis_10133650-122-170406 1.0.2 bayes_15min.RData"	FALSE	TRUE	TRUE	NA
"./mm_nwis_10133800-123-170406 1.0.2 bayes_60min.RData"	FALSE	TRUE	TRUE	NA
"./mm_nwis_10133980-124-170406 1.0.2 bayes_60min.RData"	FALSE	TRUE	TRUE	NA
"./mm_nwis_11044000-125-170406 1.0.2 bayes_60min.RData"	FALSE	TRUE	TRUE	NA
"./mm_nwis_11126000-126-170406 1.0.2 bayes_15min.RData"	FALSE	TRUE	TRUE	NA
"./mm_nwis_11447650-127-170406 1.0.2 bayes_15min.RData"	FALSE	TRUE	TRUE	NA
"./mm_nwis_11447830-128-170406 1.0.2 bayes_15min.RData"	FALSE	TRUE	TRUE	NA
"./mm_nwis_11447850-129-170406 1.0.2 bayes_15min.RData"	FALSE	TRUE	TRUE	NA
"./mm_nwis_11447890-130-170406 1.0.2 bayes_15min.RData"	FALSE	TRUE	TRUE	NA
"./mm_nwis_11455165-131-170406 1.0.2 bayes_15min.RData"	FALSE	TRUE	TRUE	NA
"./mm_nwis_13013650-132-170406 1.0.2 bayes_60min.RData"	FALSE	TRUE	TRUE	NA
"./mm_nwis_13173600-133-170406 1.0.2 bayes_15min.RData"	FALSE	TRUE	TRUE	NA
"./mm_nwis_13213100-134-170406 1.0.2 bayes_15min.RData"	FALSE	TRUE	TRUE	NA
"./mm_nwis_14162500-135-170406 1.0.2 bayes_60min.RData"	FALSE	TRUE	TRUE	NA
"./mm_nwis_14182500-136-170406 1.0.2 bayes_30min.RData"	FALSE	TRUE	TRUE	NA
"./mm_nwis_14202650-137-170406 1.0.2 bayes_15min.RData"	FALSE	TRUE	TRUE	NA
"./mm_nwis_14206950-138-170406 1.0.2 bayes_30min.RData"	FALSE	TRUE	TRUE	NA
"./mm_nwis_14206950-139-170406 1.0.2 bayes_60min.RData"	FALSE	TRUE	TRUE	NA
"./mm_nwis_14211720-140-170406 1.0.2 bayes_30min.RData"	FALSE	TRUE	TRUE	NA
"./mm_nwis_14301500-141-170406 1.0.2 bayes_15min.RData"	FALSE	TRUE	TRUE	NA
"./mm_nwis_14302480-142-170406 1.0.2 bayes_30min.RData"	FALSE	TRUE	TRUE	NA
"./mm_nwis_15298040-143-170406 1.0.2 bayes_15min.RData"	FALSE	TRUE	TRUE	NA
"./mm_nwis_411955088280601-144-170406 1.0.2 bayes_15min.RData"	FALSE	TRUE	TRUE	NA
"./mm_nwis_01124000-145-170406 1.0.2 bayes_15min.RData"	FALSE	TRUE	TRUE	NA
"./mm_nwis_01125100-146-170406 1.0.2 bayes_15min.RData"	FALSE	TRUE	TRUE	NA
"./mm_nwis_01196500-147-170406 1.0.2 bayes_15min.RData"	FALSE	TRUE	TRUE	NA
"./mm_nwis_01201487-148-170406 1.0.2 bayes_15min.RData"	FALSE	TRUE	TRUE	NA
"./mm_nwis_01208500-149-170406 1.0.2 bayes_15min.RData"	FALSE	TRUE	TRUE	NA
"./mm_nwis_01208990-150-170406 1.0.2 bayes_15min.RData"	FALSE	TRUE	TRUE	NA
"./mm_nwis_01382210-151-170406 1.0.2 bayes_15min.RData"	FALSE	TRUE	TRUE	NA
"./mm_nwis_01400500-152-170406 1.0.2 bayes_15min.RData"	FALSE	TRUE	TRUE	NA
"./mm_nwis_01400500-153-170406 1.0.2 bayes_30min.RData"	FALSE	TRUE	TRUE	NA
"./mm_nwis_01408500-154-170406 1.0.2 bayes_30min.RData"	FALSE	TRUE	TRUE	NA
"./mm_nwis_01408500-155-170406 1.0.2 bayes_60min.RData"	FALSE	TRUE	TRUE	NA
"./mm_nwis_01433500-156-170406 1.0.2 bayes_15min.RData"	FALSE	TRUE	TRUE	NA
"./mm_nwis_01463500-157-170406 1.0.2 bayes_60min.RData"	FALSE	TRUE	TRUE	NA
"./mm_nwis_01480617-158-170406 1.0.2 bayes_15min.RData"	FALSE	TRUE	TRUE	NA
"./mm_nwis_01480870-159-170406 1.0.2 bayes_15min.RData"	FALSE	TRUE	TRUE	NA
"./mm_nwis_01480870-160-170406 1.0.2 bayes_30min.RData"	FALSE	TRUE	TRUE	NA
"./mm_nwis_01481000-161-170406 1.0.2 bayes_15min.RData"	FALSE	TRUE	TRUE	NA
"./mm_nwis_01481000-162-170406 1.0.2 bayes_30min.RData"	FALSE	TRUE	TRUE	NA
"./mm_nwis_01481500-163-170406 1.0.2 bayes_15min.RData"	FALSE	TRUE	TRUE	NA
"./mm_nwis_01493112-164-170406 1.0.2 bayes_15min.RData"	FALSE	TRUE	TRUE	NA
"./mm_nwis_01540500-165-170406 1.0.2 bayes_15min.RData"	FALSE	TRUE	TRUE	NA
"./mm_nwis_01542500-166-170406 1.0.2 bayes_15min.RData"	FALSE	TRUE	TRUE	NA
"./mm_nwis_01544500-167-170406 1.0.2 bayes_15min.RData"	FALSE	TRUE	TRUE	NA
"./mm_nwis_01549700-168-170406 1.0.2 bayes_15min.RData"	FALSE	TRUE	TRUE	NA
"./mm_nwis_01567000-169-170406 1.0.2 bayes_30min.RData"	FALSE	TRUE	TRUE	NA
"./mm_nwis_01608500-170-170406 1.0.2 bayes_30min.RData"	FALSE	TRUE	TRUE	NA
"./mm_nwis_01611500-171-170406 1.0.2 bayes_30min.RData"	FALSE	TRUE	TRUE	NA
"./mm_nwis_01611500-172-170406 1.0.2 bayes_60min.RData"	FALSE	TRUE	TRUE	NA
"./mm_nwis_01632900-173-170406 1.0.2 bayes_15min.RData"	FALSE	TRUE	TRUE	NA
"./mm_nwis_01645704-174-170406 1.0.2 bayes_15min.RData"	FALSE	TRUE	TRUE	NA
"./mm_nwis_01645762-175-170406 1.0.2 bayes_15min.RData"	FALSE	TRUE	TRUE	NA
"./mm_nwis_01646000-176-170406 1.0.2 bayes_15min.RData"	FALSE	TRUE	TRUE	NA
"./mm_nwis_01646305-177-170406 1.0.2 bayes_15min.RData"	FALSE	TRUE	TRUE	NA
"./mm_nwis_01648010-178-170406 1.0.2 bayes_5min.RData"	FALSE	TRUE	TRUE	NA
"./mm_nwis_01648010-179-170406 1.0.2 bayes_15min.RData"	FALSE	TRUE	TRUE	NA
"./mm_nwis_01649190-180-170406 1.0.2 bayes_5min.RData"	FALSE	TRUE	TRUE	NA
"./mm_nwis_01649190-181-170406 1.0.2 bayes_15min.RData"	FALSE	TRUE	TRUE	NA
"./mm_nwis_01649500-182-170406 1.0.2 bayes_5min.RData"	FALSE	TRUE	TRUE	NA
"./mm_nwis_01649500-183-170406 1.0.2 bayes_15min.RData"	FALSE	TRUE	TRUE	NA
"./mm_nwis_01650800-184-170406 1.0.2 bayes_5min.RData"	FALSE	TRUE	TRUE	NA
"./mm_nwis_0165389205-185-170406 1.0.2 bayes_15min.RData"	FALSE	TRUE	TRUE	NA
"./mm_nwis_01654000-186-170406 1.0.2 bayes_15min.RData"	FALSE	TRUE	TRUE	NA
"./mm_nwis_01654500-187-170406 1.0.2 bayes_15min.RData"	FALSE	TRUE	TRUE	NA
"./mm_nwis_01656903-188-170406 1.0.2 bayes_15min.RData"	FALSE	TRUE	TRUE	NA
"./mm_nwis_01658000-189-170406 1.0.2 bayes_15min.RData"	FALSE	TRUE	TRUE	NA
"./mm_nwis_0166818623-190-170406 1.0.2 bayes_15min.RData"	FALSE	TRUE	TRUE	NA
"./mm_nwis_0166818985-191-170406 1.0.2 bayes_15min.RData"	FALSE	TRUE	TRUE	NA
"./mm_nwis_01673000-192-170406 1.0.2 bayes_15min.RData"	FALSE	TRUE	TRUE	NA
"./mm_nwis_02035000-193-170406 1.0.2 bayes_15min.RData"	FALSE	TRUE	TRUE	NA
"./mm_nwis_02101726-194-170406 1.0.2 bayes_15min.RData"	FALSE	TRUE	TRUE	NA
"./mm_nwis_02110400-195-170406 1.0.2 bayes_15min.RData"	FALSE	TRUE	TRUE	NA
"./mm_nwis_02110500-196-170406 1.0.2 bayes_15min.RData"	FALSE	TRUE	TRUE	NA
"./mm_nwis_02110701-197-170406 1.0.2 bayes_15min.RData"	FALSE	TRUE	TRUE	NA
"./mm_nwis_0212378405-198-170406 1.0.2 bayes_5min.RData"	FALSE	TRUE	TRUE	NA
"./mm_nwis_0212378405-199-170406 1.0.2 bayes_15min.RData"	FALSE	TRUE	TRUE	NA
"./mm_nwis_02135000-200-170406 1.0.2 bayes_15min.RData"	FALSE	TRUE	TRUE	NA
"./mm_nwis_02148315-201-170406 1.0.2 bayes_60min.RData"	FALSE	TRUE	TRUE	NA
"./mm_nwis_02156500-202-170406 1.0.2 bayes_60min.RData"	FALSE	TRUE	TRUE	NA
"./mm_nwis_02160700-203-170406 1.0.2 bayes_60min.RData"	FALSE	TRUE	TRUE	NA
"./mm_nwis_02162035-204-170406 1.0.2 bayes_5min.RData"	FALSE	TRUE	TRUE	NA
"./mm_nwis_02169000-205-170406 1.0.2 bayes_15min.RData"	FALSE	TRUE	TRUE	NA
"./mm_nwis_02171645-206-170406 1.0.2 bayes_15min.RData"	FALSE	TRUE	TRUE	NA
"./mm_nwis_02171645-207-170406 1.0.2 bayes_60min.RData"	FALSE	TRUE	TRUE	NA
"./mm_nwis_02203655-208-170406 1.0.2 bayes_15min.RData"	FALSE	TRUE	TRUE	NA
"./mm_nwis_02203863-209-170406 1.0.2 bayes_15min.RData"	FALSE	TRUE	TRUE	NA
"./mm_nwis_02203900-210-170406 1.0.2 bayes_15min.RData"	FALSE	TRUE	TRUE	NA
"./mm_nwis_02203950-211-170406 1.0.2 bayes_15min.RData"	FALSE	TRUE	TRUE	NA
"./mm_nwis_02203960-212-170406 1.0.2 bayes_15min.RData"	FALSE	TRUE	TRUE	NA
"./mm_nwis_02204037-213-170406 1.0.2 bayes_15min.RData"	FALSE	TRUE	TRUE	NA
"./mm_nwis_02207135-214-170406 1.0.2 bayes_15min.RData"	FALSE	TRUE	TRUE	NA
"./mm_nwis_02207160-215-170406 1.0.2 bayes_15min.RData"	FALSE	TRUE	TRUE	NA
"./mm_nwis_02208450-216-170406 1.0.2 bayes_15min.RData"	FALSE	TRUE	TRUE	NA
"./mm_nwis_02208493-217-170406 1.0.2 bayes_15min.RData"	FALSE	TRUE	TRUE	NA
"./mm_nwis_02245260-218-170406 1.0.2 bayes_15min.RData"	FALSE	TRUE	TRUE	NA
"./mm_nwis_02264000-219-170406 1.0.2 bayes_15min.RData"	FALSE	TRUE	TRUE	NA
"./mm_nwis_02264100-220-170406 1.0.2 bayes_15min.RData"	FALSE	TRUE	TRUE	NA
"./mm_nwis_02264100-221-170406 1.0.2 bayes_30min.RData"	FALSE	TRUE	TRUE	NA
"./mm_nwis_02266200-222-170406 1.0.2 bayes_15min.RData"	FALSE	TRUE	TRUE	NA
"./mm_nwis_02266200-223-170406 1.0.2 bayes_30min.RData"	FALSE	TRUE	TRUE	NA
"./mm_nwis_02266300-224-170406 1.0.2 bayes_15min.RData"	FALSE	TRUE	TRUE	NA
"./mm_nwis_02266300-225-170406 1.0.2 bayes_60min.RData"	FALSE	TRUE	TRUE	NA
"./mm_nwis_02323502-226-170406 1.0.2 bayes_15min.RData"	FALSE	TRUE	TRUE	NA
"./mm_nwis_02323566-227-170406 1.0.2 bayes_15min.RData"	FALSE	TRUE	TRUE	NA
"./mm_nwis_02336120-228-170406 1.0.2 bayes_15min.RData"	FALSE	TRUE	TRUE	NA
"./mm_nwis_02336152-229-170406 1.0.2 bayes_15min.RData"	FALSE	TRUE	TRUE	NA
"./mm_nwis_023362095-230-170406 1.0.2 bayes_15min.RData"	FALSE	TRUE	TRUE	NA
"./mm_nwis_02336240-231-170406 1.0.2 bayes_15min.RData"	FALSE	TRUE	TRUE	NA
"./mm_nwis_02336300-232-170406 1.0.2 bayes_15min.RData"	FALSE	TRUE	TRUE	NA
"./mm_nwis_02336313-233-170406 1.0.2 bayes_15min.RData"	FALSE	TRUE	TRUE	NA
"./mm_nwis_02336340-234-170406 1.0.2 bayes_15min.RData"	FALSE	TRUE	TRUE	NA
"./mm_nwis_02336360-235-170406 1.0.2 bayes_15min.RData"	FALSE	TRUE	TRUE	NA
"./mm_nwis_02336410-236-170406 1.0.2 bayes_15min.RData"	FALSE	TRUE	TRUE	NA
"./mm_nwis_02336526-237-170406 1.0.2 bayes_15min.RData"	FALSE	TRUE	TRUE	NA
"./mm_nwis_02336728-238-170406 1.0.2 bayes_15min.RData"	FALSE	TRUE	TRUE	NA
"./mm_nwis_02337170-239-170406 1.0.2 bayes_15min.RData"	FALSE	TRUE	TRUE	NA
"./mm_nwis_02337170-240-170406 1.0.2 bayes_60min.RData"	FALSE	TRUE	TRUE	NA
"./mm_nwis_023432415-241-170406 1.0.2 bayes_15min.RData"	FALSE	TRUE	TRUE	NA
"./mm_nwis_02344630-242-170406 1.0.2 bayes_15min.RData"	FALSE	TRUE	TRUE	NA
"./mm_nwis_03007800-243-170406 1.0.2 bayes_15min.RData"	FALSE	TRUE	TRUE	NA
"./mm_nwis_03034000-244-170406 1.0.2 bayes_15min.RData"	FALSE	TRUE	TRUE	NA
"./mm_nwis_03036000-245-170406 1.0.2 bayes_15min.RData"	FALSE	TRUE	TRUE	NA
"./mm_nwis_03036000-246-170406 1.0.2 bayes_30min.RData"	FALSE	TRUE	TRUE	NA
"./mm_nwis_03067510-247-170406 1.0.2 bayes_15min.RData"	FALSE	TRUE	TRUE	NA
"./mm_nwis_03067510-248-170406 1.0.2 bayes_30min.RData"	FALSE	TRUE	TRUE	NA
"./mm_nwis_03073000-249-170406 1.0.2 bayes_15min.RData"	FALSE	TRUE	TRUE	NA
"./mm_nwis_03081000-250-170406 1.0.2 bayes_15min.RData"	FALSE	TRUE	TRUE	NA
"./mm_nwis_03081000-251-170406 1.0.2 bayes_60min.RData"	FALSE	TRUE	TRUE	NA
"./mm_nwis_03098600-252-170406 1.0.2 bayes_60min.RData"	FALSE	TRUE	TRUE	NA
"./mm_nwis_03105500-253-170406 1.0.2 bayes_15min.RData"	FALSE	TRUE	TRUE	NA
"./mm_nwis_03106000-254-170406 1.0.2 bayes_15min.RData"	FALSE	TRUE	TRUE	NA
"./mm_nwis_03183500-255-170406 1.0.2 bayes_30min.RData"	FALSE	TRUE	TRUE	NA
"./mm_nwis_03183500-256-170406 1.0.2 bayes_60min.RData"	FALSE	TRUE	TRUE	NA
"./mm_nwis_03219500-257-170406 1.0.2 bayes_30min.RData"	FALSE	TRUE	TRUE	NA
"./mm_nwis_03219500-258-170406 1.0.2 bayes_60min.RData"	FALSE	TRUE	TRUE	NA
"./mm_nwis_03228300-259-170406 1.0.2 bayes_60min.RData"	FALSE	TRUE	TRUE	NA
"./mm_nwis_03255349-260-170406 1.0.2 bayes_15min.RData"	FALSE	TRUE	TRUE	NA
"./mm_nwis_03259757-261-170406 1.0.2 bayes_15min.RData"	FALSE	TRUE	TRUE	NA
"./mm_nwis_03259813-262-170406 1.0.2 bayes_15min.RData"	FALSE	TRUE	TRUE	NA
"./mm_nwis_03289200-263-170406 1.0.2 bayes_15min.RData"	FALSE	TRUE	TRUE	NA
"./mm_nwis_03292470-264-170406 1.0.2 bayes_15min.RData"	FALSE	TRUE	TRUE	NA
"./mm_nwis_03292474-265-170406 1.0.2 bayes_15min.RData"	FALSE	TRUE	TRUE	NA
"./mm_nwis_03292475-266-170406 1.0.2 bayes_15min.RData"	FALSE	TRUE	TRUE	NA
"./mm_nwis_03293500-267-170406 1.0.2 bayes_15min.RData"	FALSE	TRUE	TRUE	NA
"./mm_nwis_03293530-268-170406 1.0.2 bayes_15min.RData"	FALSE	TRUE	TRUE	NA
"./mm_nwis_03294570-269-170406 1.0.2 bayes_15min.RData"	FALSE	TRUE	TRUE	NA
"./mm_nwis_03297900-270-170406 1.0.2 bayes_15min.RData"	FALSE	TRUE	TRUE	NA
"./mm_nwis_03298000-271-170406 1.0.2 bayes_15min.RData"	FALSE	TRUE	TRUE	NA
"./mm_nwis_03298135-272-170406 1.0.2 bayes_15min.RData"	FALSE	TRUE	TRUE	NA
"./mm_nwis_03298150-273-170406 1.0.2 bayes_15min.RData"	FALSE	TRUE	TRUE	NA
"./mm_nwis_03298250-274-170406 1.0.2 bayes_15min.RData"	FALSE	TRUE	TRUE	NA
"./mm_nwis_03298300-275-170406 1.0.2 bayes_15min.RData"	FALSE	TRUE	TRUE	NA
"./mm_nwis_03301900-276-170406 1.0.2 bayes_15min.RData"	FALSE	TRUE	TRUE	NA
"./mm_nwis_03301940-277-170406 1.0.2 bayes_15min.RData"	FALSE	TRUE	TRUE	NA
"./mm_nwis_03302000-278-170406 1.0.2 bayes_15min.RData"	FALSE	TRUE	TRUE	NA
"./mm_nwis_03302030-279-170406 1.0.2 bayes_15min.RData"	FALSE	TRUE	TRUE	NA
"./mm_nwis_03302050-280-170406 1.0.2 bayes_15min.RData"	FALSE	TRUE	TRUE	NA
"./mm_nwis_03339000-281-170406 1.0.2 bayes_15min.RData"	FALSE	TRUE	TRUE	NA
"./mm_nwis_03353200-282-170406 1.0.2 bayes_15min.RData"	FALSE	TRUE	TRUE	NA
"./mm_nwis_03353420-283-170406 1.0.2 bayes_15min.RData"	FALSE	TRUE	TRUE	NA
"./mm_nwis_03374100-284-170406 1.0.2 bayes_15min.RData"	FALSE	TRUE	TRUE	NA
"./mm_nwis_03408500-285-170406 1.0.2 bayes_30min.RData"	FALSE	TRUE	TRUE	NA
"./mm_nwis_03409500-286-170406 1.0.2 bayes_30min.RData"	FALSE	TRUE	TRUE	NA
"./mm_nwis_03430200-287-170406 1.0.2 bayes_30min.RData"	FALSE	TRUE	TRUE	NA
"./mm_nwis_03460795-288-170406 1.0.2 bayes_15min.RData"	FALSE	TRUE	TRUE	NA
"./mm_nwis_03512000-289-170406 1.0.2 bayes_15min.RData"	FALSE	TRUE	TRUE	NA
"./mm_nwis_03538830-290-170406 1.0.2 bayes_30min.RData"	FALSE	TRUE	TRUE	NA
"./mm_nwis_03539778-291-170406 1.0.2 bayes_15min.RData"	FALSE	TRUE	TRUE	NA
"./mm_nwis_03539778-292-170406 1.0.2 bayes_30min.RData"	FALSE	TRUE	TRUE	NA
"./mm_nwis_04027000-293-170406 1.0.2 bayes_15min.RData"	FALSE	TRUE	TRUE	NA
"./mm_nwis_04040000-294-170406 1.0.2 bayes_15min.RData"	FALSE	TRUE	TRUE	NA
"./mm_nwis_04059500-295-170406 1.0.2 bayes_15min.RData"	FALSE	TRUE	TRUE	NA
"./mm_nwis_04067500-296-170406 1.0.2 bayes_5min.RData"	FALSE	TRUE	TRUE	NA
"./mm_nwis_04067500-297-170406 1.0.2 bayes_15min.RData"	FALSE	TRUE	TRUE	NA
"./mm_nwis_04085108-298-170406 1.0.2 bayes_5min.RData"	FALSE	TRUE	TRUE	NA
"./mm_nwis_04085108-299-170406 1.0.2 bayes_15min.RData"	FALSE	TRUE	TRUE	NA
"./mm_nwis_04087050-300-170406 1.0.2 bayes_5min.RData"	FALSE	TRUE	TRUE	NA
"./mm_nwis_04087119-301-170406 1.0.2 bayes_5min.RData"	FALSE	TRUE	TRUE	NA
"./mm_nwis_04087119-302-170406 1.0.2 bayes_15min.RData"	FALSE	TRUE	TRUE	NA
"./mm_nwis_040871488-303-170406 1.0.2 bayes_5min.RData"	FALSE	TRUE	TRUE	NA
"./mm_nwis_04101500-304-170406 1.0.2 bayes_15min.RData"	FALSE	TRUE	TRUE	NA
"./mm_nwis_04119400-305-170406 1.0.2 bayes_12min.RData"	FALSE	TRUE	TRUE	NA
"./mm_nwis_04121944-306-170406 1.0.2 bayes_15min.RData"	FALSE	TRUE	TRUE	NA
"./mm_nwis_04121970-307-170406 1.0.2 bayes_15min.RData"	FALSE	TRUE	TRUE	NA
"./mm_nwis_04124200-308-170406 1.0.2 bayes_15min.RData"	FALSE	TRUE	TRUE	NA
"./mm_nwis_04124200-309-170406 1.0.2 bayes_60min.RData"	FALSE	TRUE	TRUE	NA
"./mm_nwis_04125460-310-170406 1.0.2 bayes_15min.RData"	FALSE	TRUE	TRUE	NA
"./mm_nwis_04125460-311-170406 1.0.2 bayes_60min.RData"	FALSE	TRUE	TRUE	NA
"./mm_nwis_04125550-312-170406 1.0.2 bayes_15min.RData"	FALSE	TRUE	TRUE	NA
"./mm_nwis_04125550-313-170406 1.0.2 bayes_60min.RData"	FALSE	TRUE	TRUE	NA
"./mm_nwis_04136500-314-170406 1.0.2 bayes_60min.RData"	FALSE	TRUE	TRUE	NA
"./mm_nwis_04136900-315-170406 1.0.2 bayes_15min.RData"	FALSE	TRUE	TRUE	NA
"./mm_nwis_04137005-316-170406 1.0.2 bayes_60min.RData"	FALSE	TRUE	TRUE	NA
"./mm_nwis_04137500-317-170406 1.0.2 bayes_15min.RData"	FALSE	TRUE	TRUE	NA
"./mm_nwis_04137500-318-170406 1.0.2 bayes_60min.RData"	FALSE	TRUE	TRUE	NA
"./mm_nwis_04142000-319-170406 1.0.2 bayes_15min.RData"	FALSE	TRUE	TRUE	NA
"./mm_nwis_041482663-320-170406 1.0.2 bayes_5min.RData"	FALSE	TRUE	TRUE	NA
"./mm_nwis_041482663-321-170406 1.0.2 bayes_15min.RData"	FALSE	TRUE	TRUE	NA
"./mm_nwis_04157005-322-170406 1.0.2 bayes_15min.RData"	FALSE	TRUE	TRUE	NA
"./mm_nwis_04166500-323-170406 1.0.2 bayes_15min.RData"	FALSE	TRUE	TRUE	NA
"./mm_nwis_04167150-324-170406 1.0.2 bayes_15min.RData"	FALSE	TRUE	TRUE	NA
"./mm_nwis_04168400-325-170406 1.0.2 bayes_15min.RData"	FALSE	TRUE	TRUE	NA
"./mm_nwis_04174500-326-170406 1.0.2 bayes_15min.RData"	FALSE	TRUE	TRUE	NA
"./mm_nwis_04176500-327-170406 1.0.2 bayes_15min.RData"	FALSE	TRUE	TRUE	NA
"./mm_nwis_04188496-328-170406 1.0.2 bayes_15min.RData"	FALSE	TRUE	TRUE	NA
"./mm_nwis_04195500-329-170406 1.0.2 bayes_30min.RData"	FALSE	TRUE	TRUE	NA
"./mm_nwis_04199500-330-170406 1.0.2 bayes_30min.RData"	FALSE	TRUE	TRUE	NA
"./mm_nwis_04200500-331-170406 1.0.2 bayes_30min.RData"	FALSE	TRUE	TRUE	NA
"./mm_nwis_04208000-332-170406 1.0.2 bayes_30min.RData"	FALSE	TRUE	TRUE	NA
"./mm_nwis_04213152-333-170406 1.0.2 bayes_15min.RData"	FALSE	TRUE	TRUE	NA
"./mm_nwis_04213500-334-170406 1.0.2 bayes_15min.RData"	FALSE	TRUE	TRUE	NA
"./mm_nwis_05054000-335-170406 1.0.2 bayes_15min.RData"	FALSE	TRUE	TRUE	NA
"./mm_nwis_05057000-336-170406 1.0.2 bayes_15min.RData"	FALSE	TRUE	TRUE	NA
"./mm_nwis_05057200-337-170406 1.0.2 bayes_15min.RData"	FALSE	TRUE	TRUE	NA
"./mm_nwis_05406457-338-170406 1.0.2 bayes_5min.RData"	FALSE	TRUE	TRUE	NA
"./mm_nwis_05406469-339-170406 1.0.2 bayes_5min.RData"	FALSE	TRUE	TRUE	NA
"./mm_nwis_05406479-340-170406 1.0.2 bayes_5min.RData"	FALSE	TRUE	TRUE	NA
"./mm_nwis_05406500-341-170406 1.0.2 bayes_5min.RData"	FALSE	TRUE	TRUE	NA
"./mm_nwis_05435943-342-170406 1.0.2 bayes_15min.RData"	FALSE	TRUE	TRUE	NA
"./mm_nwis_05435950-343-170406 1.0.2 bayes_15min.RData"	FALSE	TRUE	TRUE	NA
"./mm_nwis_05447500-344-170406 1.0.2 bayes_15min.RData"	FALSE	TRUE	TRUE	NA
"./mm_nwis_05451080-345-170406 1.0.2 bayes_30min.RData"	FALSE	TRUE	TRUE	NA
"./mm_nwis_05451210-346-170406 1.0.2 bayes_15min.RData"	FALSE	TRUE	TRUE	NA
"./mm_nwis_05451210-347-170406 1.0.2 bayes_30min.RData"	FALSE	TRUE	TRUE	NA
"./mm_nwis_05524500-348-170406 1.0.2 bayes_15min.RData"	FALSE	TRUE	TRUE	NA
"./mm_nwis_05579630-349-170406 1.0.2 bayes_5min.RData"	FALSE	TRUE	TRUE	NA
"./mm_nwis_05579630-350-170406 1.0.2 bayes_15min.RData"	FALSE	TRUE	TRUE	NA
"./mm_nwis_06336000-351-170406 1.0.2 bayes_15min.RData"	FALSE	TRUE	TRUE	NA
"./mm_nwis_06436760-352-170406 1.0.2 bayes_15min.RData"	FALSE	TRUE	TRUE	NA
"./mm_nwis_06478522-353-170406 1.0.2 bayes_15min.RData"	FALSE	TRUE	TRUE	NA
"./mm_nwis_06670500-354-170406 1.0.2 bayes_15min.RData"	FALSE	TRUE	TRUE	NA
"./mm_nwis_06711565-355-170406 1.0.2 bayes_15min.RData"	FALSE	TRUE	TRUE	NA
"./mm_nwis_06711565-356-170406 1.0.2 bayes_30min.RData"	FALSE	TRUE	TRUE	NA
"./mm_nwis_06795500-357-170406 1.0.2 bayes_15min.RData"	FALSE	TRUE	TRUE	NA
"./mm_nwis_06818000-358-170406 1.0.2 bayes_15min.RData"	FALSE	TRUE	TRUE	NA
"./mm_nwis_06892513-359-170406 1.0.2 bayes_15min.RData"	FALSE	TRUE	TRUE	NA
"./mm_nwis_06893300-360-170406 1.0.2 bayes_15min.RData"	FALSE	TRUE	TRUE	NA
"./mm_nwis_06893350-361-170406 1.0.2 bayes_15min.RData"	FALSE	TRUE	TRUE	NA
"./mm_nwis_06893620-362-170406 1.0.2 bayes_15min.RData"	FALSE	TRUE	TRUE	NA
"./mm_nwis_06893820-363-170406 1.0.2 bayes_15min.RData"	FALSE	TRUE	TRUE	NA
"./mm_nwis_06893890-364-170406 1.0.2 bayes_15min.RData"	FALSE	TRUE	TRUE	NA
"./mm_nwis_06893970-365-170406 1.0.2 bayes_15min.RData"	FALSE	TRUE	TRUE	NA
"./mm_nwis_06894000-366-170406 1.0.2 bayes_15min.RData"	FALSE	TRUE	TRUE	NA
"./mm_nwis_07048600-367-170406 1.0.2 bayes_15min.RData"	FALSE	TRUE	TRUE	NA
"./mm_nwis_07061270-368-170406 1.0.2 bayes_15min.RData"	FALSE	TRUE	TRUE	NA
"./mm_nwis_07061290-369-170406 1.0.2 bayes_15min.RData"	FALSE	TRUE	TRUE	NA
"./mm_nwis_07075250-370-170406 1.0.2 bayes_15min.RData"	FALSE	TRUE	TRUE	NA
"./mm_nwis_07075270-371-170406 1.0.2 bayes_15min.RData"	FALSE	TRUE	TRUE	NA
"./mm_nwis_07106000-372-170406 1.0.2 bayes_15min.RData"	FALSE	TRUE	TRUE	NA
"./mm_nwis_07109500-373-170406 1.0.2 bayes_15min.RData"	FALSE	TRUE	TRUE	NA
"./mm_nwis_07143672-374-170406 1.0.2 bayes_60min.RData"	FALSE	TRUE	TRUE	NA
"./mm_nwis_07144100-375-170406 1.0.2 bayes_30min.RData"	FALSE	TRUE	TRUE	NA
"./mm_nwis_07144100-376-170406 1.0.2 bayes_60min.RData"	FALSE	TRUE	TRUE	NA
"./mm_nwis_07177500-377-170406 1.0.2 bayes_30min.RData"	FALSE	TRUE	TRUE	NA
"./mm_nwis_07178200-378-170406 1.0.2 bayes_60min.RData"	FALSE	TRUE	TRUE	NA
"./mm_nwis_071912213-379-170406 1.0.2 bayes_30min.RData"	FALSE	TRUE	TRUE	NA
"./mm_nwis_07198000-380-170406 1.0.2 bayes_60min.RData"	FALSE	TRUE	TRUE	NA
"./mm_nwis_07239450-381-170406 1.0.2 bayes_30min.RData"	FALSE	TRUE	TRUE	NA
"./mm_nwis_07241000-382-170406 1.0.2 bayes_30min.RData"	FALSE	TRUE	TRUE	NA
"./mm_nwis_07263296-383-170406 1.0.2 bayes_15min.RData"	FALSE	TRUE	TRUE	NA
"./mm_nwis_07332620-384-170406 1.0.2 bayes_15min.RData"	FALSE	TRUE	TRUE	NA
"./mm_nwis_07332622-385-170406 1.0.2 bayes_15min.RData"	FALSE	TRUE	TRUE	NA
"./mm_nwis_08049500-386-170406 1.0.2 bayes_15min.RData"	FALSE	TRUE	TRUE	NA
"./mm_nwis_08052700-387-170406 1.0.2 bayes_15min.RData"	FALSE	TRUE	TRUE	NA
"./mm_nwis_08057410-388-170406 1.0.2 bayes_15min.RData"	FALSE	TRUE	TRUE	NA
"./mm_nwis_08062500-389-170406 1.0.2 bayes_15min.RData"	FALSE	TRUE	TRUE	NA
"./mm_nwis_08065350-390-170406 1.0.2 bayes_15min.RData"	FALSE	TRUE	TRUE	NA
"./mm_nwis_08068000-391-170406 1.0.2 bayes_15min.RData"	FALSE	TRUE	TRUE	NA
"./mm_nwis_08068500-392-170406 1.0.2 bayes_15min.RData"	FALSE	TRUE	TRUE	NA
"./mm_nwis_08171290-393-170406 1.0.2 bayes_15min.RData"	FALSE	TRUE	TRUE	NA
"./mm_nwis_08180700-394-170406 1.0.2 bayes_15min.RData"	FALSE	TRUE	TRUE	NA
"./mm_nwis_08181500-395-170406 1.0.2 bayes_15min.RData"	FALSE	TRUE	TRUE	NA
"./mm_nwis_08181800-396-170406 1.0.2 bayes_15min.RData"	FALSE	TRUE	TRUE	NA
"./mm_nwis_08188060-397-170406 1.0.2 bayes_15min.RData"	FALSE	TRUE	TRUE	NA
"./mm_nwis_08211200-398-170406 1.0.2 bayes_15min.RData"	FALSE	TRUE	TRUE	NA
"./mm_nwis_08374550-399-170406 1.0.2 bayes_15min.RData"	FALSE	TRUE	TRUE	NA
"./mm_nwis_08412500-400-170406 1.0.2 bayes_15min.RData"	FALSE	TRUE	TRUE	NA
"./mm_nwis_08447300-401-170406 1.0.2 bayes_15min.RData"	FALSE	TRUE	TRUE	NA
"./mm_nwis_09041400-402-170406 1.0.2 bayes_15min.RData"	FALSE	TRUE	TRUE	NA
"./mm_nwis_09326500-403-170406 1.0.2 bayes_15min.RData"	FALSE	TRUE	TRUE	NA
"./mm_nwis_09327000-404-170406 1.0.2 bayes_15min.RData"	FALSE	TRUE	TRUE	NA
"./mm_nwis_09406000-405-170406 1.0.2 bayes_15min.RData"	FALSE	TRUE	TRUE	NA
"./mm_nwis_10133800-406-170406 1.0.2 bayes_15min.RData"	FALSE	TRUE	TRUE	NA
"./mm_nwis_10133980-407-170406 1.0.2 bayes_15min.RData"	FALSE	TRUE	TRUE	NA
"./mm_nwis_11044000-408-170406 1.0.2 bayes_15min.RData"	FALSE	TRUE	TRUE	NA
"./mm_nwis_11128500-409-170406 1.0.2 bayes_15min.RData"	FALSE	TRUE	TRUE	NA
"./mm_nwis_11273400-410-170406 1.0.2 bayes_15min.RData"	FALSE	TRUE	TRUE	NA
"./mm_nwis_11285500-411-170406 1.0.2 bayes_15min.RData"	FALSE	TRUE	TRUE	NA
"./mm_nwis_11462500-412-170406 1.0.2 bayes_15min.RData"	FALSE	TRUE	TRUE	NA
"./mm_nwis_11463000-413-170406 1.0.2 bayes_15min.RData"	FALSE	TRUE	TRUE	NA
"./mm_nwis_11463682-414-170406 1.0.2 bayes_15min.RData"	FALSE	TRUE	TRUE	NA
"./mm_nwis_11463980-415-170406 1.0.2 bayes_15min.RData"	FALSE	TRUE	TRUE	NA
"./mm_nwis_11465240-416-170406 1.0.2 bayes_15min.RData"	FALSE	TRUE	TRUE	NA
"./mm_nwis_11467000-417-170406 1.0.2 bayes_15min.RData"	FALSE	TRUE	TRUE	NA
"./mm_nwis_12100490-418-170406 1.0.2 bayes_15min.RData"	FALSE	TRUE	TRUE	NA
"./mm_nwis_12101100-419-170406 1.0.2 bayes_15min.RData"	FALSE	TRUE	TRUE	NA
"./mm_nwis_12102075-420-170406 1.0.2 bayes_15min.RData"	FALSE	TRUE	TRUE	NA
"./mm_nwis_13013650-421-170406 1.0.2 bayes_15min.RData"	FALSE	TRUE	TRUE	NA
"./mm_nwis_13206400-422-170406 1.0.2 bayes_15min.RData"	FALSE	TRUE	TRUE	NA
"./mm_nwis_13207500-423-170406 1.0.2 bayes_15min.RData"	FALSE	TRUE	TRUE	NA
"./mm_nwis_13213000-424-170406 1.0.2 bayes_15min.RData"	FALSE	TRUE	TRUE	NA
"./mm_nwis_14151000-425-170406 1.0.2 bayes_15min.RData"	FALSE	TRUE	TRUE	NA
"./mm_nwis_14182500-426-170406 1.0.2 bayes_15min.RData"	FALSE	TRUE	TRUE	NA
"./mm_nwis_14210000-427-170406 1.0.2 bayes_30min.RData"	FALSE	TRUE	TRUE	NA
"./mm_nwis_14211010-428-170406 1.0.2 bayes_15min.RData"	FALSE	TRUE	TRUE	NA
"./mm_nwis_14211010-429-170406 1.0.2 bayes_30min.RData"	FALSE	TRUE	TRUE	NA
"./mm_nwis_14302480-430-170406 1.0.2 bayes_15min.RData"	FALSE	TRUE	TRUE	NA
"./mm_nwis_385446094430700-431-170406 1.0.2 bayes_15min.RData"	FALSE	TRUE	TRUE	NA
"./mm_nwis_385520094420000-432-170406 1.0.2 bayes_15min.RData"	FALSE	TRUE	TRUE	NA
"./mm_nwis_385608094380300-433-170406 1.0.2 bayes_15min.RData"	FALSE	TRUE	TRUE	NA
