"filepath"	"local"	"remote"	"no.data"	"time.st"	"time.en"
".temp_ts/nwis_01021050-ts_sw_nldas.rds"	FALSE	FALSE	FALSE	"2006-10-01"	"2016-03-01"
".temp_ts/nwis_01036390-ts_sw_nldas.rds"	FALSE	FALSE	FALSE	"2006-10-01"	"2016-03-01"
".temp_ts/nwis_01073389-ts_sw_nldas.rds"	FALSE	FALSE	FALSE	"2006-10-01"	"2016-03-01"
".temp_ts/nwis_01193050-ts_sw_nldas.rds"	FALSE	FALSE	FALSE	"2006-10-01"	"2016-03-01"
".temp_ts/nwis_01194750-ts_sw_nldas.rds"	FALSE	FALSE	FALSE	"2006-10-01"	"2016-03-01"
".temp_ts/nwis_01304057-ts_sw_nldas.rds"	FALSE	FALSE	FALSE	"2006-10-01"	"2016-03-01"
".temp_ts/nwis_01304200-ts_sw_nldas.rds"	FALSE	FALSE	FALSE	"2006-10-01"	"2016-03-01"
".temp_ts/nwis_01304562-ts_sw_nldas.rds"	FALSE	FALSE	FALSE	"2006-10-01"	"2016-03-01"
".temp_ts/nwis_01310740-ts_sw_nldas.rds"	FALSE	FALSE	FALSE	"2006-10-01"	"2016-03-01"
".temp_ts/nwis_01311143-ts_sw_nldas.rds"	FALSE	FALSE	FALSE	"2006-10-01"	"2016-03-01"
".temp_ts/nwis_01374019-ts_sw_nldas.rds"	FALSE	FALSE	FALSE	"2006-10-01"	"2016-03-01"
".temp_ts/nwis_01382210-ts_sw_nldas.rds"	FALSE	FALSE	FALSE	"2006-10-01"	"2016-03-01"
".temp_ts/nwis_01388000-ts_sw_nldas.rds"	FALSE	FALSE	FALSE	"2006-10-01"	"2016-03-01"
".temp_ts/nwis_01389005-ts_sw_nldas.rds"	FALSE	FALSE	FALSE	"2006-10-01"	"2016-03-01"
".temp_ts/nwis_01400500-ts_sw_nldas.rds"	FALSE	FALSE	FALSE	"2006-10-01"	"2016-03-01"
".temp_ts/nwis_01408167-ts_sw_nldas.rds"	FALSE	FALSE	FALSE	"2006-10-01"	"2016-03-01"
".temp_ts/nwis_01408500-ts_sw_nldas.rds"	FALSE	FALSE	FALSE	"2006-10-01"	"2016-03-01"
".temp_ts/nwis_01433500-ts_sw_nldas.rds"	FALSE	FALSE	FALSE	"2006-10-01"	"2016-03-01"
".temp_ts/nwis_01454700-ts_sw_nldas.rds"	FALSE	FALSE	FALSE	"2006-10-01"	"2016-03-01"
".temp_ts/nwis_01458500-ts_sw_nldas.rds"	FALSE	FALSE	FALSE	"2006-10-01"	"2016-03-01"
".temp_ts/nwis_01460200-ts_sw_nldas.rds"	FALSE	FALSE	FALSE	"2006-10-01"	"2016-03-01"
".temp_ts/nwis_01463500-ts_sw_nldas.rds"	FALSE	FALSE	FALSE	"2006-10-01"	"2016-03-01"
".temp_ts/nwis_01465798-ts_sw_nldas.rds"	FALSE	FALSE	FALSE	"2006-10-01"	"2016-03-01"
".temp_ts/nwis_014670261-ts_sw_nldas.rds"	FALSE	FALSE	FALSE	"2006-10-01"	"2016-03-01"
".temp_ts/nwis_01467029-ts_sw_nldas.rds"	FALSE	FALSE	FALSE	"2006-10-01"	"2016-03-01"
".temp_ts/nwis_01467042-ts_sw_nldas.rds"	FALSE	FALSE	FALSE	"2006-10-01"	"2016-03-01"
".temp_ts/nwis_01467048-ts_sw_nldas.rds"	FALSE	FALSE	FALSE	"2006-10-01"	"2016-03-01"
".temp_ts/nwis_01467200-ts_sw_nldas.rds"	FALSE	FALSE	FALSE	"2006-10-01"	"2016-03-01"
".temp_ts/nwis_01472104-ts_sw_nldas.rds"	FALSE	FALSE	FALSE	"2006-10-01"	"2016-03-01"
".temp_ts/nwis_01473500-ts_sw_nldas.rds"	FALSE	FALSE	FALSE	"2006-10-01"	"2016-03-01"
".temp_ts/nwis_01474000-ts_sw_nldas.rds"	FALSE	FALSE	FALSE	"2006-10-01"	"2016-03-01"
".temp_ts/nwis_01474500-ts_sw_nldas.rds"	FALSE	FALSE	FALSE	"2006-10-01"	"2016-03-01"
".temp_ts/nwis_01477050-ts_sw_nldas.rds"	FALSE	FALSE	FALSE	"2006-10-01"	"2016-03-01"
".temp_ts/nwis_01480065-ts_sw_nldas.rds"	FALSE	FALSE	FALSE	"2006-10-01"	"2016-03-01"
".temp_ts/nwis_01480617-ts_sw_nldas.rds"	FALSE	FALSE	FALSE	"2006-10-01"	"2016-03-01"
".temp_ts/nwis_01480870-ts_sw_nldas.rds"	FALSE	FALSE	FALSE	"2006-10-01"	"2016-03-01"
".temp_ts/nwis_01481000-ts_sw_nldas.rds"	FALSE	FALSE	FALSE	"2006-10-01"	"2016-03-01"
".temp_ts/nwis_01481500-ts_sw_nldas.rds"	FALSE	FALSE	FALSE	"2006-10-01"	"2016-03-01"
".temp_ts/nwis_01482800-ts_sw_nldas.rds"	FALSE	FALSE	FALSE	"2006-10-01"	"2016-03-01"
".temp_ts/nwis_01483177-ts_sw_nldas.rds"	FALSE	FALSE	FALSE	"2006-10-01"	"2016-03-01"
".temp_ts/nwis_01484080-ts_sw_nldas.rds"	FALSE	FALSE	FALSE	"2006-10-01"	"2016-03-01"
".temp_ts/nwis_01484085-ts_sw_nldas.rds"	FALSE	FALSE	FALSE	"2006-10-01"	"2016-03-01"
".temp_ts/nwis_01484525-ts_sw_nldas.rds"	FALSE	FALSE	FALSE	"2006-10-01"	"2016-03-01"
".temp_ts/nwis_01484680-ts_sw_nldas.rds"	FALSE	FALSE	FALSE	"2006-10-01"	"2016-03-01"
".temp_ts/nwis_01487150-ts_sw_nldas.rds"	FALSE	FALSE	FALSE	"2006-10-01"	"2016-03-01"
".temp_ts/nwis_01493112-ts_sw_nldas.rds"	FALSE	FALSE	FALSE	"2006-10-01"	"2016-03-01"
".temp_ts/nwis_01540500-ts_sw_nldas.rds"	FALSE	FALSE	FALSE	"2006-10-01"	"2016-03-01"
".temp_ts/nwis_01542500-ts_sw_nldas.rds"	FALSE	FALSE	FALSE	"2006-10-01"	"2016-03-01"
".temp_ts/nwis_01544500-ts_sw_nldas.rds"	FALSE	FALSE	FALSE	"2006-10-01"	"2016-03-01"
".temp_ts/nwis_01548303-ts_sw_nldas.rds"	FALSE	FALSE	FALSE	"2006-10-01"	"2016-03-01"
".temp_ts/nwis_01549700-ts_sw_nldas.rds"	FALSE	FALSE	FALSE	"2006-10-01"	"2016-03-01"
".temp_ts/nwis_01567000-ts_sw_nldas.rds"	FALSE	FALSE	FALSE	"2006-10-01"	"2016-03-01"
".temp_ts/nwis_01570500-ts_sw_nldas.rds"	FALSE	FALSE	FALSE	"2006-10-01"	"2016-03-01"
".temp_ts/nwis_01608500-ts_sw_nldas.rds"	FALSE	FALSE	FALSE	"2006-10-01"	"2016-03-01"
".temp_ts/nwis_01611500-ts_sw_nldas.rds"	FALSE	FALSE	FALSE	"2006-10-01"	"2016-03-01"
".temp_ts/nwis_01632900-ts_sw_nldas.rds"	FALSE	FALSE	FALSE	"2006-10-01"	"2016-03-01"
".temp_ts/nwis_01645704-ts_sw_nldas.rds"	FALSE	FALSE	FALSE	"2006-10-01"	"2016-03-01"
".temp_ts/nwis_01645762-ts_sw_nldas.rds"	FALSE	FALSE	FALSE	"2006-10-01"	"2016-03-01"
".temp_ts/nwis_01646000-ts_sw_nldas.rds"	FALSE	FALSE	FALSE	"2006-10-01"	"2016-03-01"
".temp_ts/nwis_01646305-ts_sw_nldas.rds"	FALSE	FALSE	FALSE	"2006-10-01"	"2016-03-01"
".temp_ts/nwis_01646500-ts_sw_nldas.rds"	FALSE	FALSE	FALSE	"2006-10-01"	"2016-03-01"
".temp_ts/nwis_01648010-ts_sw_nldas.rds"	FALSE	FALSE	FALSE	"2006-10-01"	"2016-03-01"
".temp_ts/nwis_01649190-ts_sw_nldas.rds"	FALSE	FALSE	FALSE	"2006-10-01"	"2016-03-01"
".temp_ts/nwis_01649500-ts_sw_nldas.rds"	FALSE	FALSE	FALSE	"2006-10-01"	"2016-03-01"
".temp_ts/nwis_01650800-ts_sw_nldas.rds"	FALSE	FALSE	FALSE	"2006-10-01"	"2016-03-01"
".temp_ts/nwis_0165389205-ts_sw_nldas.rds"	FALSE	FALSE	FALSE	"2006-10-01"	"2016-03-01"
".temp_ts/nwis_01654000-ts_sw_nldas.rds"	FALSE	FALSE	FALSE	"2006-10-01"	"2016-03-01"
".temp_ts/nwis_01654500-ts_sw_nldas.rds"	FALSE	FALSE	FALSE	"2006-10-01"	"2016-03-01"
".temp_ts/nwis_01656903-ts_sw_nldas.rds"	FALSE	FALSE	FALSE	"2006-10-01"	"2016-03-01"
".temp_ts/nwis_01658000-ts_sw_nldas.rds"	FALSE	FALSE	FALSE	"2006-10-01"	"2016-03-01"
".temp_ts/nwis_0166818623-ts_sw_nldas.rds"	FALSE	FALSE	FALSE	"2006-10-01"	"2016-03-01"
".temp_ts/nwis_0166818985-ts_sw_nldas.rds"	FALSE	FALSE	FALSE	"2006-10-01"	"2016-03-01"
".temp_ts/nwis_01673000-ts_sw_nldas.rds"	FALSE	FALSE	FALSE	"2006-10-01"	"2016-03-01"
".temp_ts/nwis_02035000-ts_sw_nldas.rds"	FALSE	FALSE	FALSE	"2006-10-01"	"2016-03-01"
".temp_ts/nwis_02042222-ts_sw_nldas.rds"	FALSE	FALSE	FALSE	"2006-10-01"	"2016-03-01"
".temp_ts/nwis_02079500-ts_sw_nldas.rds"	FALSE	FALSE	FALSE	"2006-10-01"	"2016-03-01"
".temp_ts/nwis_0208062765-ts_sw_nldas.rds"	FALSE	FALSE	FALSE	"2006-10-01"	"2016-03-01"
".temp_ts/nwis_02081022-ts_sw_nldas.rds"	FALSE	FALSE	FALSE	"2006-10-01"	"2016-03-01"
".temp_ts/nwis_02081094-ts_sw_nldas.rds"	FALSE	FALSE	FALSE	"2006-10-01"	"2016-03-01"
".temp_ts/nwis_0208114150-ts_sw_nldas.rds"	FALSE	FALSE	FALSE	"2006-10-01"	"2016-03-01"
".temp_ts/nwis_0208458892-ts_sw_nldas.rds"	FALSE	FALSE	FALSE	"2006-10-01"	"2016-03-01"
".temp_ts/nwis_0208458893-ts_sw_nldas.rds"	FALSE	FALSE	FALSE	"2006-10-01"	"2016-03-01"
".temp_ts/nwis_0209303205-ts_sw_nldas.rds"	FALSE	FALSE	FALSE	"2006-10-01"	"2016-03-01"
".temp_ts/nwis_02101726-ts_sw_nldas.rds"	FALSE	FALSE	FALSE	"2006-10-01"	"2016-03-01"
".temp_ts/nwis_02110400-ts_sw_nldas.rds"	FALSE	FALSE	FALSE	"2006-10-01"	"2016-03-01"
".temp_ts/nwis_02110500-ts_sw_nldas.rds"	FALSE	FALSE	FALSE	"2006-10-01"	"2016-03-01"
".temp_ts/nwis_02110550-ts_sw_nldas.rds"	FALSE	FALSE	FALSE	"2006-10-01"	"2016-03-01"
".temp_ts/nwis_02110701-ts_sw_nldas.rds"	FALSE	FALSE	FALSE	"2006-10-01"	"2016-03-01"
".temp_ts/nwis_02110704-ts_sw_nldas.rds"	FALSE	FALSE	FALSE	"2006-10-01"	"2016-03-01"
".temp_ts/nwis_02110777-ts_sw_nldas.rds"	FALSE	FALSE	FALSE	"2006-10-01"	"2016-03-01"
".temp_ts/nwis_02110802-ts_sw_nldas.rds"	FALSE	FALSE	FALSE	"2006-10-01"	"2016-03-01"
".temp_ts/nwis_02110815-ts_sw_nldas.rds"	FALSE	FALSE	FALSE	"2006-10-01"	"2016-03-01"
".temp_ts/nwis_0212378405-ts_sw_nldas.rds"	FALSE	FALSE	FALSE	"2006-10-01"	"2016-03-01"
".temp_ts/nwis_0212880025-ts_sw_nldas.rds"	FALSE	FALSE	FALSE	"2006-10-01"	"2016-03-01"
".temp_ts/nwis_02135000-ts_sw_nldas.rds"	FALSE	FALSE	FALSE	"2006-10-01"	"2016-03-01"
".temp_ts/nwis_02148315-ts_sw_nldas.rds"	FALSE	FALSE	FALSE	"2006-10-01"	"2016-03-01"
".temp_ts/nwis_02156500-ts_sw_nldas.rds"	FALSE	FALSE	FALSE	"2006-10-01"	"2016-03-01"
".temp_ts/nwis_02160105-ts_sw_nldas.rds"	FALSE	FALSE	FALSE	"2006-10-01"	"2016-03-01"
".temp_ts/nwis_02160700-ts_sw_nldas.rds"	FALSE	FALSE	FALSE	"2006-10-01"	"2016-03-01"
".temp_ts/nwis_02160991-ts_sw_nldas.rds"	FALSE	FALSE	FALSE	"2006-10-01"	"2016-03-01"
".temp_ts/nwis_02162035-ts_sw_nldas.rds"	FALSE	FALSE	FALSE	"2006-10-01"	"2016-03-01"
".temp_ts/nwis_02167600-ts_sw_nldas.rds"	FALSE	FALSE	FALSE	"2006-10-01"	"2016-03-01"
".temp_ts/nwis_02167716-ts_sw_nldas.rds"	FALSE	FALSE	FALSE	"2006-10-01"	"2016-03-01"
".temp_ts/nwis_02168500-ts_sw_nldas.rds"	FALSE	FALSE	FALSE	"2006-10-01"	"2016-03-01"
".temp_ts/nwis_02168504-ts_sw_nldas.rds"	FALSE	FALSE	FALSE	"2006-10-01"	"2016-03-01"
".temp_ts/nwis_02169000-ts_sw_nldas.rds"	FALSE	FALSE	FALSE	"2006-10-01"	"2016-03-01"
".temp_ts/nwis_02171637-ts_sw_nldas.rds"	FALSE	FALSE	FALSE	"2006-10-01"	"2016-03-01"
".temp_ts/nwis_02171645-ts_sw_nldas.rds"	FALSE	FALSE	FALSE	"2006-10-01"	"2016-03-01"
".temp_ts/nwis_02172050-ts_sw_nldas.rds"	FALSE	FALSE	FALSE	"2006-10-01"	"2016-03-01"
".temp_ts/nwis_021720677-ts_sw_nldas.rds"	FALSE	FALSE	FALSE	"2006-10-01"	"2016-03-01"
".temp_ts/nwis_021720698-ts_sw_nldas.rds"	FALSE	FALSE	FALSE	"2006-10-01"	"2016-03-01"
".temp_ts/nwis_021720709-ts_sw_nldas.rds"	FALSE	FALSE	FALSE	"2006-10-01"	"2016-03-01"
".temp_ts/nwis_021720869-ts_sw_nldas.rds"	FALSE	FALSE	FALSE	"2006-10-01"	"2016-03-01"
".temp_ts/nwis_02198840-ts_sw_nldas.rds"	FALSE	FALSE	FALSE	"2006-10-01"	"2016-03-01"
".temp_ts/nwis_02198920-ts_sw_nldas.rds"	FALSE	FALSE	FALSE	"2006-10-01"	"2016-03-01"
".temp_ts/nwis_02198950-ts_sw_nldas.rds"	FALSE	FALSE	FALSE	"2006-10-01"	"2016-03-01"
".temp_ts/nwis_02198955-ts_sw_nldas.rds"	FALSE	FALSE	FALSE	"2006-10-01"	"2016-03-01"
".temp_ts/nwis_021989715-ts_sw_nldas.rds"	FALSE	FALSE	FALSE	"2006-10-01"	"2016-03-01"
".temp_ts/nwis_021989773-ts_sw_nldas.rds"	FALSE	FALSE	FALSE	"2006-10-01"	"2016-03-01"
".temp_ts/nwis_021989792-ts_sw_nldas.rds"	FALSE	FALSE	FALSE	"2006-10-01"	"2016-03-01"
".temp_ts/nwis_021989793-ts_sw_nldas.rds"	FALSE	FALSE	FALSE	"2006-10-01"	"2016-03-01"
".temp_ts/nwis_0219897945-ts_sw_nldas.rds"	FALSE	FALSE	FALSE	"2006-10-01"	"2016-03-01"
".temp_ts/nwis_0219897993-ts_sw_nldas.rds"	FALSE	FALSE	FALSE	"2006-10-01"	"2016-03-01"
".temp_ts/nwis_022035975-ts_sw_nldas.rds"	FALSE	FALSE	FALSE	"2006-10-01"	"2016-03-01"
".temp_ts/nwis_02203603-ts_sw_nldas.rds"	FALSE	FALSE	FALSE	"2006-10-01"	"2016-03-01"
".temp_ts/nwis_02203655-ts_sw_nldas.rds"	FALSE	FALSE	FALSE	"2006-10-01"	"2016-03-01"
".temp_ts/nwis_02203700-ts_sw_nldas.rds"	FALSE	FALSE	FALSE	"2006-10-01"	"2016-03-01"
".temp_ts/nwis_02203831-ts_sw_nldas.rds"	FALSE	FALSE	FALSE	"2006-10-01"	"2016-03-01"
".temp_ts/nwis_02203863-ts_sw_nldas.rds"	FALSE	FALSE	FALSE	"2006-10-01"	"2016-03-01"
".temp_ts/nwis_02203873-ts_sw_nldas.rds"	FALSE	FALSE	FALSE	"2006-10-01"	"2016-03-01"
".temp_ts/nwis_02203900-ts_sw_nldas.rds"	FALSE	FALSE	FALSE	"2006-10-01"	"2016-03-01"
".temp_ts/nwis_02203950-ts_sw_nldas.rds"	FALSE	FALSE	FALSE	"2006-10-01"	"2016-03-01"
".temp_ts/nwis_02203960-ts_sw_nldas.rds"	FALSE	FALSE	FALSE	"2006-10-01"	"2016-03-01"
".temp_ts/nwis_02204037-ts_sw_nldas.rds"	FALSE	FALSE	FALSE	"2006-10-01"	"2016-03-01"
".temp_ts/nwis_02207135-ts_sw_nldas.rds"	FALSE	FALSE	FALSE	"2006-10-01"	"2016-03-01"
".temp_ts/nwis_02207160-ts_sw_nldas.rds"	FALSE	FALSE	FALSE	"2006-10-01"	"2016-03-01"
".temp_ts/nwis_02208450-ts_sw_nldas.rds"	FALSE	FALSE	FALSE	"2006-10-01"	"2016-03-01"
".temp_ts/nwis_02208493-ts_sw_nldas.rds"	FALSE	FALSE	FALSE	"2006-10-01"	"2016-03-01"
".temp_ts/nwis_02217643-ts_sw_nldas.rds"	FALSE	FALSE	FALSE	"2006-10-01"	"2016-03-01"
".temp_ts/nwis_02231254-ts_sw_nldas.rds"	FALSE	FALSE	FALSE	"2006-10-01"	"2016-03-01"
".temp_ts/nwis_02231291-ts_sw_nldas.rds"	FALSE	FALSE	FALSE	"2006-10-01"	"2016-03-01"
".temp_ts/nwis_02234000-ts_sw_nldas.rds"	FALSE	FALSE	FALSE	"2006-10-01"	"2016-03-01"
".temp_ts/nwis_02234500-ts_sw_nldas.rds"	FALSE	FALSE	FALSE	"2006-10-01"	"2016-03-01"
".temp_ts/nwis_02235500-ts_sw_nldas.rds"	FALSE	FALSE	FALSE	"2006-10-01"	"2016-03-01"
".temp_ts/nwis_02236000-ts_sw_nldas.rds"	FALSE	FALSE	FALSE	"2006-10-01"	"2016-03-01"
".temp_ts/nwis_02236125-ts_sw_nldas.rds"	FALSE	FALSE	FALSE	"2006-10-01"	"2016-03-01"
".temp_ts/nwis_02244040-ts_sw_nldas.rds"	FALSE	FALSE	FALSE	"2006-10-01"	"2016-03-01"
".temp_ts/nwis_02245260-ts_sw_nldas.rds"	FALSE	FALSE	FALSE	"2006-10-01"	"2016-03-01"
".temp_ts/nwis_02264000-ts_sw_nldas.rds"	FALSE	FALSE	FALSE	"2006-10-01"	"2016-03-01"
".temp_ts/nwis_02264100-ts_sw_nldas.rds"	FALSE	FALSE	FALSE	"2006-10-01"	"2016-03-01"
".temp_ts/nwis_02266200-ts_sw_nldas.rds"	FALSE	FALSE	FALSE	"2006-10-01"	"2016-03-01"
".temp_ts/nwis_02266300-ts_sw_nldas.rds"	FALSE	FALSE	FALSE	"2006-10-01"	"2016-03-01"
".temp_ts/nwis_02266495-ts_sw_nldas.rds"	FALSE	FALSE	FALSE	"2006-10-01"	"2016-03-01"
".temp_ts/nwis_02293249-ts_sw_nldas.rds"	FALSE	FALSE	FALSE	"2006-10-01"	"2016-03-01"
".temp_ts/nwis_02304000-ts_sw_nldas.rds"	FALSE	FALSE	FALSE	"2006-10-01"	"2016-03-01"
".temp_ts/nwis_02319302-ts_sw_nldas.rds"	FALSE	FALSE	FALSE	"2006-10-01"	"2016-03-01"
".temp_ts/nwis_02320250-ts_sw_nldas.rds"	FALSE	FALSE	FALSE	"2006-10-01"	"2016-03-01"
".temp_ts/nwis_02322688-ts_sw_nldas.rds"	FALSE	FALSE	FALSE	"2006-10-01"	"2016-03-01"
".temp_ts/nwis_02323502-ts_sw_nldas.rds"	FALSE	FALSE	FALSE	"2006-10-01"	"2016-03-01"
".temp_ts/nwis_02323566-ts_sw_nldas.rds"	FALSE	FALSE	FALSE	"2006-10-01"	"2016-03-01"
".temp_ts/nwis_02336120-ts_sw_nldas.rds"	FALSE	FALSE	FALSE	"2006-10-01"	"2016-03-01"
".temp_ts/nwis_02336152-ts_sw_nldas.rds"	FALSE	FALSE	FALSE	"2006-10-01"	"2016-03-01"
".temp_ts/nwis_023362095-ts_sw_nldas.rds"	FALSE	FALSE	FALSE	"2006-10-01"	"2016-03-01"
".temp_ts/nwis_02336240-ts_sw_nldas.rds"	FALSE	FALSE	FALSE	"2006-10-01"	"2016-03-01"
".temp_ts/nwis_02336300-ts_sw_nldas.rds"	FALSE	FALSE	FALSE	"2006-10-01"	"2016-03-01"
".temp_ts/nwis_02336313-ts_sw_nldas.rds"	FALSE	FALSE	FALSE	"2006-10-01"	"2016-03-01"
".temp_ts/nwis_02336340-ts_sw_nldas.rds"	FALSE	FALSE	FALSE	"2006-10-01"	"2016-03-01"
".temp_ts/nwis_02336360-ts_sw_nldas.rds"	FALSE	FALSE	FALSE	"2006-10-01"	"2016-03-01"
".temp_ts/nwis_02336410-ts_sw_nldas.rds"	FALSE	FALSE	FALSE	"2006-10-01"	"2016-03-01"
".temp_ts/nwis_02336526-ts_sw_nldas.rds"	FALSE	FALSE	FALSE	"2006-10-01"	"2016-03-01"
".temp_ts/nwis_02336728-ts_sw_nldas.rds"	FALSE	FALSE	FALSE	"2006-10-01"	"2016-03-01"
".temp_ts/nwis_02337170-ts_sw_nldas.rds"	FALSE	FALSE	FALSE	"2006-10-01"	"2016-03-01"
".temp_ts/nwis_023432415-ts_sw_nldas.rds"	FALSE	FALSE	FALSE	"2006-10-01"	"2016-03-01"
".temp_ts/nwis_02344630-ts_sw_nldas.rds"	FALSE	FALSE	FALSE	"2006-10-01"	"2016-03-01"
".temp_ts/nwis_02344673-ts_sw_nldas.rds"	FALSE	FALSE	FALSE	"2006-10-01"	"2016-03-01"
".temp_ts/nwis_02397530-ts_sw_nldas.rds"	FALSE	FALSE	FALSE	"2006-10-01"	"2016-03-01"
".temp_ts/nwis_02423130-ts_sw_nldas.rds"	FALSE	FALSE	FALSE	"2006-10-01"	"2016-03-01"
".temp_ts/nwis_02423160-ts_sw_nldas.rds"	FALSE	FALSE	FALSE	"2006-10-01"	"2016-03-01"
".temp_ts/nwis_02423397-ts_sw_nldas.rds"	FALSE	FALSE	FALSE	"2006-10-01"	"2016-03-01"
".temp_ts/nwis_02423496-ts_sw_nldas.rds"	FALSE	FALSE	FALSE	"2006-10-01"	"2016-03-01"
".temp_ts/nwis_02455980-ts_sw_nldas.rds"	FALSE	FALSE	FALSE	"2006-10-01"	"2016-03-01"
".temp_ts/nwis_02457595-ts_sw_nldas.rds"	FALSE	FALSE	FALSE	"2006-10-01"	"2016-03-01"
".temp_ts/nwis_02458450-ts_sw_nldas.rds"	FALSE	FALSE	FALSE	"2006-10-01"	"2016-03-01"
".temp_ts/nwis_02469100-ts_sw_nldas.rds"	FALSE	FALSE	FALSE	"2006-10-01"	"2016-03-01"
".temp_ts/nwis_02473085-ts_sw_nldas.rds"	FALSE	FALSE	FALSE	"2006-10-01"	"2016-03-01"
".temp_ts/nwis_02489800-ts_sw_nldas.rds"	FALSE	FALSE	FALSE	"2006-10-01"	"2016-03-01"
".temp_ts/nwis_02492620-ts_sw_nldas.rds"	FALSE	FALSE	FALSE	"2006-10-01"	"2016-03-01"
".temp_ts/nwis_03007800-ts_sw_nldas.rds"	FALSE	FALSE	FALSE	"2006-10-01"	"2016-03-01"
".temp_ts/nwis_03025500-ts_sw_nldas.rds"	FALSE	FALSE	FALSE	"2006-10-01"	"2016-03-01"
".temp_ts/nwis_03027500-ts_sw_nldas.rds"	FALSE	FALSE	FALSE	"2006-10-01"	"2016-03-01"
".temp_ts/nwis_03034000-ts_sw_nldas.rds"	FALSE	FALSE	FALSE	"2006-10-01"	"2016-03-01"
".temp_ts/nwis_03036000-ts_sw_nldas.rds"	FALSE	FALSE	FALSE	"2006-10-01"	"2016-03-01"
".temp_ts/nwis_03039035-ts_sw_nldas.rds"	FALSE	FALSE	FALSE	"2006-10-01"	"2016-03-01"
".temp_ts/nwis_03039036-ts_sw_nldas.rds"	FALSE	FALSE	FALSE	"2006-10-01"	"2016-03-01"
".temp_ts/nwis_03049640-ts_sw_nldas.rds"	FALSE	FALSE	FALSE	"2006-10-01"	"2016-03-01"
".temp_ts/nwis_03058000-ts_sw_nldas.rds"	FALSE	FALSE	FALSE	"2006-10-01"	"2016-03-01"
".temp_ts/nwis_03061000-ts_sw_nldas.rds"	FALSE	FALSE	FALSE	"2006-10-01"	"2016-03-01"
".temp_ts/nwis_03067510-ts_sw_nldas.rds"	FALSE	FALSE	FALSE	"2006-10-01"	"2016-03-01"
".temp_ts/nwis_03071590-ts_sw_nldas.rds"	FALSE	FALSE	FALSE	"2006-10-01"	"2016-03-01"
".temp_ts/nwis_03071600-ts_sw_nldas.rds"	FALSE	FALSE	FALSE	"2006-10-01"	"2016-03-01"
".temp_ts/nwis_03071605-ts_sw_nldas.rds"	FALSE	FALSE	FALSE	"2006-10-01"	"2016-03-01"
".temp_ts/nwis_03071690-ts_sw_nldas.rds"	FALSE	FALSE	FALSE	"2006-10-01"	"2016-03-01"
".temp_ts/nwis_03072655-ts_sw_nldas.rds"	FALSE	FALSE	FALSE	"2006-10-01"	"2016-03-01"
".temp_ts/nwis_03073000-ts_sw_nldas.rds"	FALSE	FALSE	FALSE	"2006-10-01"	"2016-03-01"
".temp_ts/nwis_03075070-ts_sw_nldas.rds"	FALSE	FALSE	FALSE	"2006-10-01"	"2016-03-01"
".temp_ts/nwis_03081000-ts_sw_nldas.rds"	FALSE	FALSE	FALSE	"2006-10-01"	"2016-03-01"
".temp_ts/nwis_03083500-ts_sw_nldas.rds"	FALSE	FALSE	FALSE	"2006-10-01"	"2016-03-01"
".temp_ts/nwis_03085002-ts_sw_nldas.rds"	FALSE	FALSE	FALSE	"2006-10-01"	"2016-03-01"
".temp_ts/nwis_03098600-ts_sw_nldas.rds"	FALSE	FALSE	FALSE	"2006-10-01"	"2016-03-01"
".temp_ts/nwis_03105500-ts_sw_nldas.rds"	FALSE	FALSE	FALSE	"2006-10-01"	"2016-03-01"
".temp_ts/nwis_03106000-ts_sw_nldas.rds"	FALSE	FALSE	FALSE	"2006-10-01"	"2016-03-01"
".temp_ts/nwis_03108490-ts_sw_nldas.rds"	FALSE	FALSE	FALSE	"2006-10-01"	"2016-03-01"
".temp_ts/nwis_03121850-ts_sw_nldas.rds"	FALSE	FALSE	FALSE	"2006-10-01"	"2016-03-01"
".temp_ts/nwis_03183500-ts_sw_nldas.rds"	FALSE	FALSE	FALSE	"2006-10-01"	"2016-03-01"
".temp_ts/nwis_03219500-ts_sw_nldas.rds"	FALSE	FALSE	FALSE	"2006-10-01"	"2016-03-01"
".temp_ts/nwis_03220510-ts_sw_nldas.rds"	FALSE	FALSE	FALSE	"2006-10-01"	"2016-03-01"
".temp_ts/nwis_03228039-ts_sw_nldas.rds"	FALSE	FALSE	FALSE	"2006-10-01"	"2016-03-01"
".temp_ts/nwis_03228300-ts_sw_nldas.rds"	FALSE	FALSE	FALSE	"2006-10-01"	"2016-03-01"
".temp_ts/nwis_03254520-ts_sw_nldas.rds"	FALSE	FALSE	FALSE	"2006-10-01"	"2016-03-01"
".temp_ts/nwis_03255349-ts_sw_nldas.rds"	FALSE	FALSE	FALSE	"2006-10-01"	"2016-03-01"
".temp_ts/nwis_03259757-ts_sw_nldas.rds"	FALSE	FALSE	FALSE	"2006-10-01"	"2016-03-01"
".temp_ts/nwis_03259813-ts_sw_nldas.rds"	FALSE	FALSE	FALSE	"2006-10-01"	"2016-03-01"
".temp_ts/nwis_03271510-ts_sw_nldas.rds"	FALSE	FALSE	FALSE	"2006-10-01"	"2016-03-01"
".temp_ts/nwis_03277200-ts_sw_nldas.rds"	FALSE	FALSE	FALSE	"2006-10-01"	"2016-03-01"
".temp_ts/nwis_03292470-ts_sw_nldas.rds"	FALSE	FALSE	FALSE	"2006-10-01"	"2016-03-01"
".temp_ts/nwis_03292474-ts_sw_nldas.rds"	FALSE	FALSE	FALSE	"2006-10-01"	"2016-03-01"
".temp_ts/nwis_03292475-ts_sw_nldas.rds"	FALSE	FALSE	FALSE	"2006-10-01"	"2016-03-01"
".temp_ts/nwis_03292480-ts_sw_nldas.rds"	FALSE	FALSE	FALSE	"2006-10-01"	"2016-03-01"
".temp_ts/nwis_03292500-ts_sw_nldas.rds"	FALSE	FALSE	FALSE	"2006-10-01"	"2016-03-01"
".temp_ts/nwis_03293000-ts_sw_nldas.rds"	FALSE	FALSE	FALSE	"2006-10-01"	"2016-03-01"
".temp_ts/nwis_03293500-ts_sw_nldas.rds"	FALSE	FALSE	FALSE	"2006-10-01"	"2016-03-01"
".temp_ts/nwis_03293510-ts_sw_nldas.rds"	FALSE	FALSE	FALSE	"2006-10-01"	"2016-03-01"
".temp_ts/nwis_03293530-ts_sw_nldas.rds"	FALSE	FALSE	FALSE	"2006-10-01"	"2016-03-01"
".temp_ts/nwis_03294570-ts_sw_nldas.rds"	FALSE	FALSE	FALSE	"2006-10-01"	"2016-03-01"
".temp_ts/nwis_03297800-ts_sw_nldas.rds"	FALSE	FALSE	FALSE	"2006-10-01"	"2016-03-01"
".temp_ts/nwis_03297900-ts_sw_nldas.rds"	FALSE	FALSE	FALSE	"2006-10-01"	"2016-03-01"
".temp_ts/nwis_03298000-ts_sw_nldas.rds"	FALSE	FALSE	FALSE	"2006-10-01"	"2016-03-01"
".temp_ts/nwis_03298135-ts_sw_nldas.rds"	FALSE	FALSE	FALSE	"2006-10-01"	"2016-03-01"
".temp_ts/nwis_03298150-ts_sw_nldas.rds"	FALSE	FALSE	FALSE	"2006-10-01"	"2016-03-01"
".temp_ts/nwis_03298200-ts_sw_nldas.rds"	FALSE	FALSE	FALSE	"2006-10-01"	"2016-03-01"
".temp_ts/nwis_03298250-ts_sw_nldas.rds"	FALSE	FALSE	FALSE	"2006-10-01"	"2016-03-01"
".temp_ts/nwis_03298300-ts_sw_nldas.rds"	FALSE	FALSE	FALSE	"2006-10-01"	"2016-03-01"
".temp_ts/nwis_03301900-ts_sw_nldas.rds"	FALSE	FALSE	FALSE	"2006-10-01"	"2016-03-01"
".temp_ts/nwis_03301940-ts_sw_nldas.rds"	FALSE	FALSE	FALSE	"2006-10-01"	"2016-03-01"
".temp_ts/nwis_03302000-ts_sw_nldas.rds"	FALSE	FALSE	FALSE	"2006-10-01"	"2016-03-01"
".temp_ts/nwis_03302030-ts_sw_nldas.rds"	FALSE	FALSE	FALSE	"2006-10-01"	"2016-03-01"
".temp_ts/nwis_03302050-ts_sw_nldas.rds"	FALSE	FALSE	FALSE	"2006-10-01"	"2016-03-01"
".temp_ts/nwis_03321500-ts_sw_nldas.rds"	FALSE	FALSE	FALSE	"2006-10-01"	"2016-03-01"
".temp_ts/nwis_03339000-ts_sw_nldas.rds"	FALSE	FALSE	FALSE	"2006-10-01"	"2016-03-01"
".temp_ts/nwis_03343805-ts_sw_nldas.rds"	FALSE	FALSE	FALSE	"2006-10-01"	"2016-03-01"
".temp_ts/nwis_03353200-ts_sw_nldas.rds"	FALSE	FALSE	FALSE	"2006-10-01"	"2016-03-01"
".temp_ts/nwis_03374100-ts_sw_nldas.rds"	FALSE	FALSE	FALSE	"2006-10-01"	"2016-03-01"
".temp_ts/nwis_03400798-ts_sw_nldas.rds"	FALSE	FALSE	FALSE	"2006-10-01"	"2016-03-01"
".temp_ts/nwis_03408500-ts_sw_nldas.rds"	FALSE	FALSE	FALSE	"2006-10-01"	"2016-03-01"
".temp_ts/nwis_03409500-ts_sw_nldas.rds"	FALSE	FALSE	FALSE	"2006-10-01"	"2016-03-01"
".temp_ts/nwis_03418420-ts_sw_nldas.rds"	FALSE	FALSE	FALSE	"2006-10-01"	"2016-03-01"
".temp_ts/nwis_03428180-ts_sw_nldas.rds"	FALSE	FALSE	FALSE	"2006-10-01"	"2016-03-01"
".temp_ts/nwis_03430200-ts_sw_nldas.rds"	FALSE	FALSE	FALSE	"2006-10-01"	"2016-03-01"
".temp_ts/nwis_03431083-ts_sw_nldas.rds"	FALSE	FALSE	FALSE	"2006-10-01"	"2016-03-01"
".temp_ts/nwis_03431091-ts_sw_nldas.rds"	FALSE	FALSE	FALSE	"2006-10-01"	"2016-03-01"
".temp_ts/nwis_03431514-ts_sw_nldas.rds"	FALSE	FALSE	FALSE	"2006-10-01"	"2016-03-01"
".temp_ts/nwis_03432100-ts_sw_nldas.rds"	FALSE	FALSE	FALSE	"2006-10-01"	"2016-03-01"
".temp_ts/nwis_03432350-ts_sw_nldas.rds"	FALSE	FALSE	FALSE	"2006-10-01"	"2016-03-01"
".temp_ts/nwis_03432400-ts_sw_nldas.rds"	FALSE	FALSE	FALSE	"2006-10-01"	"2016-03-01"
".temp_ts/nwis_03432800-ts_sw_nldas.rds"	FALSE	FALSE	FALSE	"2006-10-01"	"2016-03-01"
".temp_ts/nwis_03460795-ts_sw_nldas.rds"	FALSE	FALSE	FALSE	"2006-10-01"	"2016-03-01"
".temp_ts/nwis_03512000-ts_sw_nldas.rds"	FALSE	FALSE	FALSE	"2006-10-01"	"2016-03-01"
".temp_ts/nwis_03538830-ts_sw_nldas.rds"	FALSE	FALSE	FALSE	"2006-10-01"	"2016-03-01"
".temp_ts/nwis_03539600-ts_sw_nldas.rds"	FALSE	FALSE	FALSE	"2006-10-01"	"2016-03-01"
".temp_ts/nwis_03539778-ts_sw_nldas.rds"	FALSE	FALSE	FALSE	"2006-10-01"	"2016-03-01"
".temp_ts/nwis_03612600-ts_sw_nldas.rds"	FALSE	FALSE	FALSE	"2006-10-01"	"2016-03-01"
".temp_ts/nwis_04024000-ts_sw_nldas.rds"	FALSE	FALSE	FALSE	"2006-10-01"	"2016-03-01"
".temp_ts/nwis_04027000-ts_sw_nldas.rds"	FALSE	FALSE	FALSE	"2006-10-01"	"2016-03-01"
".temp_ts/nwis_04040000-ts_sw_nldas.rds"	FALSE	FALSE	FALSE	"2006-10-01"	"2016-03-01"
".temp_ts/nwis_04059500-ts_sw_nldas.rds"	FALSE	FALSE	FALSE	"2006-10-01"	"2016-03-01"
".temp_ts/nwis_04067500-ts_sw_nldas.rds"	FALSE	FALSE	FALSE	"2006-10-01"	"2016-03-01"
".temp_ts/nwis_04085108-ts_sw_nldas.rds"	FALSE	FALSE	FALSE	"2006-10-01"	"2016-03-01"
".temp_ts/nwis_040851385-ts_sw_nldas.rds"	FALSE	FALSE	FALSE	"2006-10-01"	"2016-03-01"
".temp_ts/nwis_04085427-ts_sw_nldas.rds"	FALSE	FALSE	FALSE	"2006-10-01"	"2016-03-01"
".temp_ts/nwis_04087030-ts_sw_nldas.rds"	FALSE	FALSE	FALSE	"2006-10-01"	"2016-03-01"
".temp_ts/nwis_04087050-ts_sw_nldas.rds"	FALSE	FALSE	FALSE	"2006-10-01"	"2016-03-01"
".temp_ts/nwis_04087088-ts_sw_nldas.rds"	FALSE	FALSE	FALSE	"2006-10-01"	"2016-03-01"
".temp_ts/nwis_04087119-ts_sw_nldas.rds"	FALSE	FALSE	FALSE	"2006-10-01"	"2016-03-01"
".temp_ts/nwis_04087120-ts_sw_nldas.rds"	FALSE	FALSE	FALSE	"2006-10-01"	"2016-03-01"
".temp_ts/nwis_04087142-ts_sw_nldas.rds"	FALSE	FALSE	FALSE	"2006-10-01"	"2016-03-01"
".temp_ts/nwis_040871488-ts_sw_nldas.rds"	FALSE	FALSE	FALSE	"2006-10-01"	"2016-03-01"
".temp_ts/nwis_04087170-ts_sw_nldas.rds"	FALSE	FALSE	FALSE	"2006-10-01"	"2016-03-01"
".temp_ts/nwis_04092750-ts_sw_nldas.rds"	FALSE	FALSE	FALSE	"2006-10-01"	"2016-03-01"
".temp_ts/nwis_04095090-ts_sw_nldas.rds"	FALSE	FALSE	FALSE	"2006-10-01"	"2016-03-01"
".temp_ts/nwis_04101500-ts_sw_nldas.rds"	FALSE	FALSE	FALSE	"2006-10-01"	"2016-03-01"
".temp_ts/nwis_04108660-ts_sw_nldas.rds"	FALSE	FALSE	FALSE	"2006-10-01"	"2016-03-01"
".temp_ts/nwis_04119400-ts_sw_nldas.rds"	FALSE	FALSE	FALSE	"2006-10-01"	"2016-03-01"
".temp_ts/nwis_04121650-ts_sw_nldas.rds"	FALSE	FALSE	FALSE	"2006-10-01"	"2016-03-01"
".temp_ts/nwis_04121660-ts_sw_nldas.rds"	FALSE	FALSE	FALSE	"2006-10-01"	"2016-03-01"
".temp_ts/nwis_04121680-ts_sw_nldas.rds"	FALSE	FALSE	FALSE	"2006-10-01"	"2016-03-01"
".temp_ts/nwis_04121944-ts_sw_nldas.rds"	FALSE	FALSE	FALSE	"2006-10-01"	"2016-03-01"
".temp_ts/nwis_04121970-ts_sw_nldas.rds"	FALSE	FALSE	FALSE	"2006-10-01"	"2016-03-01"
".temp_ts/nwis_04124000-ts_sw_nldas.rds"	FALSE	FALSE	FALSE	"2006-10-01"	"2016-03-01"
".temp_ts/nwis_04124200-ts_sw_nldas.rds"	FALSE	FALSE	FALSE	"2006-10-01"	"2016-03-01"
".temp_ts/nwis_04125460-ts_sw_nldas.rds"	FALSE	FALSE	FALSE	"2006-10-01"	"2016-03-01"
".temp_ts/nwis_04125550-ts_sw_nldas.rds"	FALSE	FALSE	FALSE	"2006-10-01"	"2016-03-01"
".temp_ts/nwis_04136000-ts_sw_nldas.rds"	FALSE	FALSE	FALSE	"2006-10-01"	"2016-03-01"
".temp_ts/nwis_04136500-ts_sw_nldas.rds"	FALSE	FALSE	FALSE	"2006-10-01"	"2016-03-01"
".temp_ts/nwis_04136900-ts_sw_nldas.rds"	FALSE	FALSE	FALSE	"2006-10-01"	"2016-03-01"
".temp_ts/nwis_04137005-ts_sw_nldas.rds"	FALSE	FALSE	FALSE	"2006-10-01"	"2016-03-01"
".temp_ts/nwis_04137020-ts_sw_nldas.rds"	FALSE	FALSE	FALSE	"2006-10-01"	"2016-03-01"
".temp_ts/nwis_04137025-ts_sw_nldas.rds"	FALSE	FALSE	FALSE	"2006-10-01"	"2016-03-01"
".temp_ts/nwis_04137030-ts_sw_nldas.rds"	FALSE	FALSE	FALSE	"2006-10-01"	"2016-03-01"
".temp_ts/nwis_04137500-ts_sw_nldas.rds"	FALSE	FALSE	FALSE	"2006-10-01"	"2016-03-01"
".temp_ts/nwis_04142000-ts_sw_nldas.rds"	FALSE	FALSE	FALSE	"2006-10-01"	"2016-03-01"
".temp_ts/nwis_041482663-ts_sw_nldas.rds"	FALSE	FALSE	FALSE	"2006-10-01"	"2016-03-01"
".temp_ts/nwis_04157005-ts_sw_nldas.rds"	FALSE	FALSE	FALSE	"2006-10-01"	"2016-03-01"
".temp_ts/nwis_04165500-ts_sw_nldas.rds"	FALSE	FALSE	FALSE	"2006-10-01"	"2016-03-01"
".temp_ts/nwis_04166500-ts_sw_nldas.rds"	FALSE	FALSE	FALSE	"2006-10-01"	"2016-03-01"
".temp_ts/nwis_04167150-ts_sw_nldas.rds"	FALSE	FALSE	FALSE	"2006-10-01"	"2016-03-01"
".temp_ts/nwis_04168400-ts_sw_nldas.rds"	FALSE	FALSE	FALSE	"2006-10-01"	"2016-03-01"
".temp_ts/nwis_04174500-ts_sw_nldas.rds"	FALSE	FALSE	FALSE	"2006-10-01"	"2016-03-01"
".temp_ts/nwis_04175120-ts_sw_nldas.rds"	FALSE	FALSE	FALSE	"2006-10-01"	"2016-03-01"
".temp_ts/nwis_04176500-ts_sw_nldas.rds"	FALSE	FALSE	FALSE	"2006-10-01"	"2016-03-01"
".temp_ts/nwis_04182867-ts_sw_nldas.rds"	FALSE	FALSE	FALSE	"2006-10-01"	"2016-03-01"
".temp_ts/nwis_04188496-ts_sw_nldas.rds"	FALSE	FALSE	FALSE	"2006-10-01"	"2016-03-01"
".temp_ts/nwis_04193490-ts_sw_nldas.rds"	FALSE	FALSE	FALSE	"2006-10-01"	"2016-03-01"
".temp_ts/nwis_04195500-ts_sw_nldas.rds"	FALSE	FALSE	FALSE	"2006-10-01"	"2016-03-01"
".temp_ts/nwis_04199500-ts_sw_nldas.rds"	FALSE	FALSE	FALSE	"2006-10-01"	"2016-03-01"
".temp_ts/nwis_04200500-ts_sw_nldas.rds"	FALSE	FALSE	FALSE	"2006-10-01"	"2016-03-01"
".temp_ts/nwis_04208000-ts_sw_nldas.rds"	FALSE	FALSE	FALSE	"2006-10-01"	"2016-03-01"
".temp_ts/nwis_04213500-ts_sw_nldas.rds"	FALSE	FALSE	FALSE	"2006-10-01"	"2016-03-01"
".temp_ts/nwis_04231600-ts_sw_nldas.rds"	FALSE	FALSE	FALSE	"2006-10-01"	"2016-03-01"
".temp_ts/nwis_04249000-ts_sw_nldas.rds"	FALSE	FALSE	FALSE	"2006-10-01"	"2016-03-01"
".temp_ts/nwis_05054000-ts_sw_nldas.rds"	FALSE	FALSE	FALSE	"2006-10-01"	"2016-03-01"
".temp_ts/nwis_05057000-ts_sw_nldas.rds"	FALSE	FALSE	FALSE	"2006-10-01"	"2016-03-01"
".temp_ts/nwis_05057200-ts_sw_nldas.rds"	FALSE	FALSE	FALSE	"2006-10-01"	"2016-03-01"
".temp_ts/nwis_05082500-ts_sw_nldas.rds"	FALSE	FALSE	FALSE	"2006-10-01"	"2016-03-01"
".temp_ts/nwis_05406457-ts_sw_nldas.rds"	FALSE	FALSE	FALSE	"2006-10-01"	"2016-03-01"
".temp_ts/nwis_05406469-ts_sw_nldas.rds"	FALSE	FALSE	FALSE	"2006-10-01"	"2016-03-01"
".temp_ts/nwis_05406479-ts_sw_nldas.rds"	FALSE	FALSE	FALSE	"2006-10-01"	"2016-03-01"
".temp_ts/nwis_05406497-ts_sw_nldas.rds"	FALSE	FALSE	FALSE	"2006-10-01"	"2016-03-01"
".temp_ts/nwis_05406500-ts_sw_nldas.rds"	FALSE	FALSE	FALSE	"2006-10-01"	"2016-03-01"
".temp_ts/nwis_05418400-ts_sw_nldas.rds"	FALSE	FALSE	FALSE	"2006-10-01"	"2016-03-01"
".temp_ts/nwis_05420500-ts_sw_nldas.rds"	FALSE	FALSE	FALSE	"2006-10-01"	"2016-03-01"
".temp_ts/nwis_05435943-ts_sw_nldas.rds"	FALSE	FALSE	FALSE	"2006-10-01"	"2016-03-01"
".temp_ts/nwis_05435950-ts_sw_nldas.rds"	FALSE	FALSE	FALSE	"2006-10-01"	"2016-03-01"
".temp_ts/nwis_05451080-ts_sw_nldas.rds"	FALSE	FALSE	FALSE	"2006-10-01"	"2016-03-01"
".temp_ts/nwis_05451210-ts_sw_nldas.rds"	FALSE	FALSE	FALSE	"2006-10-01"	"2016-03-01"
".temp_ts/nwis_05515500-ts_sw_nldas.rds"	FALSE	FALSE	FALSE	"2006-10-01"	"2016-03-01"
".temp_ts/nwis_05524500-ts_sw_nldas.rds"	FALSE	FALSE	FALSE	"2006-10-01"	"2016-03-01"
".temp_ts/nwis_05543010-ts_sw_nldas.rds"	FALSE	FALSE	FALSE	"2006-10-01"	"2016-03-01"
".temp_ts/nwis_05579630-ts_sw_nldas.rds"	FALSE	FALSE	FALSE	"2006-10-01"	"2016-03-01"
".temp_ts/nwis_05586300-ts_sw_nldas.rds"	FALSE	FALSE	FALSE	"2006-10-01"	"2016-03-01"
".temp_ts/nwis_06336000-ts_sw_nldas.rds"	FALSE	FALSE	FALSE	"2006-10-01"	"2016-03-01"
".temp_ts/nwis_06340590-ts_sw_nldas.rds"	FALSE	FALSE	FALSE	"2006-10-01"	"2016-03-01"
".temp_ts/nwis_06427850-ts_sw_nldas.rds"	FALSE	FALSE	FALSE	"2006-10-01"	"2016-03-01"
".temp_ts/nwis_06436760-ts_sw_nldas.rds"	FALSE	FALSE	FALSE	"2006-10-01"	"2016-03-01"
".temp_ts/nwis_06461500-ts_sw_nldas.rds"	FALSE	FALSE	FALSE	"2006-10-01"	"2016-03-01"
".temp_ts/nwis_06465500-ts_sw_nldas.rds"	FALSE	FALSE	FALSE	"2006-10-01"	"2016-03-01"
".temp_ts/nwis_06478522-ts_sw_nldas.rds"	FALSE	FALSE	FALSE	"2006-10-01"	"2016-03-01"
".temp_ts/nwis_06601200-ts_sw_nldas.rds"	FALSE	FALSE	FALSE	"2006-10-01"	"2016-03-01"
".temp_ts/nwis_06610505-ts_sw_nldas.rds"	FALSE	FALSE	FALSE	"2006-10-01"	"2016-03-01"
".temp_ts/nwis_06670500-ts_sw_nldas.rds"	FALSE	FALSE	FALSE	"2006-10-01"	"2016-03-01"
".temp_ts/nwis_06711565-ts_sw_nldas.rds"	FALSE	FALSE	FALSE	"2006-10-01"	"2016-03-01"
".temp_ts/nwis_06795500-ts_sw_nldas.rds"	FALSE	FALSE	FALSE	"2006-10-01"	"2016-03-01"
".temp_ts/nwis_06799089-ts_sw_nldas.rds"	FALSE	FALSE	FALSE	"2006-10-01"	"2016-03-01"
".temp_ts/nwis_06800500-ts_sw_nldas.rds"	FALSE	FALSE	FALSE	"2006-10-01"	"2016-03-01"
".temp_ts/nwis_06805000-ts_sw_nldas.rds"	FALSE	FALSE	FALSE	"2006-10-01"	"2016-03-01"
".temp_ts/nwis_06805500-ts_sw_nldas.rds"	FALSE	FALSE	FALSE	"2006-10-01"	"2016-03-01"
".temp_ts/nwis_06807000-ts_sw_nldas.rds"	FALSE	FALSE	FALSE	"2006-10-01"	"2016-03-01"
".temp_ts/nwis_06818000-ts_sw_nldas.rds"	FALSE	FALSE	FALSE	"2006-10-01"	"2016-03-01"
".temp_ts/nwis_06892513-ts_sw_nldas.rds"	FALSE	FALSE	FALSE	"2006-10-01"	"2016-03-01"
".temp_ts/nwis_06893300-ts_sw_nldas.rds"	FALSE	FALSE	FALSE	"2006-10-01"	"2016-03-01"
".temp_ts/nwis_06893350-ts_sw_nldas.rds"	FALSE	FALSE	FALSE	"2006-10-01"	"2016-03-01"
".temp_ts/nwis_06893620-ts_sw_nldas.rds"	FALSE	FALSE	FALSE	"2006-10-01"	"2016-03-01"
".temp_ts/nwis_06893820-ts_sw_nldas.rds"	FALSE	FALSE	FALSE	"2006-10-01"	"2016-03-01"
".temp_ts/nwis_06893890-ts_sw_nldas.rds"	FALSE	FALSE	FALSE	"2006-10-01"	"2016-03-01"
".temp_ts/nwis_06893970-ts_sw_nldas.rds"	FALSE	FALSE	FALSE	"2006-10-01"	"2016-03-01"
".temp_ts/nwis_06894000-ts_sw_nldas.rds"	FALSE	FALSE	FALSE	"2006-10-01"	"2016-03-01"
".temp_ts/nwis_06934500-ts_sw_nldas.rds"	FALSE	FALSE	FALSE	"2006-10-01"	"2016-03-01"
".temp_ts/nwis_07020850-ts_sw_nldas.rds"	FALSE	FALSE	FALSE	"2006-10-01"	"2016-03-01"
".temp_ts/nwis_07048600-ts_sw_nldas.rds"	FALSE	FALSE	FALSE	"2006-10-01"	"2016-03-01"
".temp_ts/nwis_07053450-ts_sw_nldas.rds"	FALSE	FALSE	FALSE	"2006-10-01"	"2016-03-01"
".temp_ts/nwis_07053600-ts_sw_nldas.rds"	FALSE	FALSE	FALSE	"2006-10-01"	"2016-03-01"
".temp_ts/nwis_07055814-ts_sw_nldas.rds"	FALSE	FALSE	FALSE	"2006-10-01"	"2016-03-01"
".temp_ts/nwis_07061270-ts_sw_nldas.rds"	FALSE	FALSE	FALSE	"2006-10-01"	"2016-03-01"
".temp_ts/nwis_07061290-ts_sw_nldas.rds"	FALSE	FALSE	FALSE	"2006-10-01"	"2016-03-01"
".temp_ts/nwis_07075250-ts_sw_nldas.rds"	FALSE	FALSE	FALSE	"2006-10-01"	"2016-03-01"
".temp_ts/nwis_07075270-ts_sw_nldas.rds"	FALSE	FALSE	FALSE	"2006-10-01"	"2016-03-01"
".temp_ts/nwis_07106000-ts_sw_nldas.rds"	FALSE	FALSE	FALSE	"2006-10-01"	"2016-03-01"
".temp_ts/nwis_07109500-ts_sw_nldas.rds"	FALSE	FALSE	FALSE	"2006-10-01"	"2016-03-01"
".temp_ts/nwis_07143672-ts_sw_nldas.rds"	FALSE	FALSE	FALSE	"2006-10-01"	"2016-03-01"
".temp_ts/nwis_07144780-ts_sw_nldas.rds"	FALSE	FALSE	FALSE	"2006-10-01"	"2016-03-01"
".temp_ts/nwis_07144790-ts_sw_nldas.rds"	FALSE	FALSE	FALSE	"2006-10-01"	"2016-03-01"
".temp_ts/nwis_07164500-ts_sw_nldas.rds"	FALSE	FALSE	FALSE	"2006-10-01"	"2016-03-01"
".temp_ts/nwis_07177500-ts_sw_nldas.rds"	FALSE	FALSE	FALSE	"2006-10-01"	"2016-03-01"
".temp_ts/nwis_07178200-ts_sw_nldas.rds"	FALSE	FALSE	FALSE	"2006-10-01"	"2016-03-01"
".temp_ts/nwis_071912213-ts_sw_nldas.rds"	FALSE	FALSE	FALSE	"2006-10-01"	"2016-03-01"
".temp_ts/nwis_07191222-ts_sw_nldas.rds"	FALSE	FALSE	FALSE	"2006-10-01"	"2016-03-01"
".temp_ts/nwis_071948095-ts_sw_nldas.rds"	FALSE	FALSE	FALSE	"2006-10-01"	"2016-03-01"
".temp_ts/nwis_07198000-ts_sw_nldas.rds"	FALSE	FALSE	FALSE	"2006-10-01"	"2016-03-01"
".temp_ts/nwis_07239450-ts_sw_nldas.rds"	FALSE	FALSE	FALSE	"2006-10-01"	"2016-03-01"
".temp_ts/nwis_07241000-ts_sw_nldas.rds"	FALSE	FALSE	FALSE	"2006-10-01"	"2016-03-01"
".temp_ts/nwis_07241520-ts_sw_nldas.rds"	FALSE	FALSE	FALSE	"2006-10-01"	"2016-03-01"
".temp_ts/nwis_07241550-ts_sw_nldas.rds"	FALSE	FALSE	FALSE	"2006-10-01"	"2016-03-01"
".temp_ts/nwis_07257500-ts_sw_nldas.rds"	FALSE	FALSE	FALSE	"2006-10-01"	"2016-03-01"
".temp_ts/nwis_07263296-ts_sw_nldas.rds"	FALSE	FALSE	FALSE	"2006-10-01"	"2016-03-01"
".temp_ts/nwis_072632966-ts_sw_nldas.rds"	FALSE	FALSE	FALSE	"2006-10-01"	"2016-03-01"
".temp_ts/nwis_072632995-ts_sw_nldas.rds"	FALSE	FALSE	FALSE	"2006-10-01"	"2016-03-01"
".temp_ts/nwis_07332620-ts_sw_nldas.rds"	FALSE	FALSE	FALSE	"2006-10-01"	"2016-03-01"
".temp_ts/nwis_07332622-ts_sw_nldas.rds"	FALSE	FALSE	FALSE	"2006-10-01"	"2016-03-01"
".temp_ts/nwis_07374000-ts_sw_nldas.rds"	FALSE	FALSE	FALSE	"2006-10-01"	"2016-03-01"
".temp_ts/nwis_07381600-ts_sw_nldas.rds"	FALSE	FALSE	FALSE	"2006-10-01"	"2016-03-01"
".temp_ts/nwis_08041770-ts_sw_nldas.rds"	FALSE	FALSE	FALSE	"2006-10-01"	"2016-03-01"
".temp_ts/nwis_08048000-ts_sw_nldas.rds"	FALSE	FALSE	FALSE	"2006-10-01"	"2016-03-01"
".temp_ts/nwis_08049500-ts_sw_nldas.rds"	FALSE	FALSE	FALSE	"2006-10-01"	"2016-03-01"
".temp_ts/nwis_08052700-ts_sw_nldas.rds"	FALSE	FALSE	FALSE	"2006-10-01"	"2016-03-01"
".temp_ts/nwis_08052745-ts_sw_nldas.rds"	FALSE	FALSE	FALSE	"2006-10-01"	"2016-03-01"
".temp_ts/nwis_08057000-ts_sw_nldas.rds"	FALSE	FALSE	FALSE	"2006-10-01"	"2016-03-01"
".temp_ts/nwis_08057055-ts_sw_nldas.rds"	FALSE	FALSE	FALSE	"2006-10-01"	"2016-03-01"
".temp_ts/nwis_08057410-ts_sw_nldas.rds"	FALSE	FALSE	FALSE	"2006-10-01"	"2016-03-01"
".temp_ts/nwis_08062500-ts_sw_nldas.rds"	FALSE	FALSE	FALSE	"2006-10-01"	"2016-03-01"
".temp_ts/nwis_08065350-ts_sw_nldas.rds"	FALSE	FALSE	FALSE	"2006-10-01"	"2016-03-01"
".temp_ts/nwis_08067074-ts_sw_nldas.rds"	FALSE	FALSE	FALSE	"2006-10-01"	"2016-03-01"
".temp_ts/nwis_08068000-ts_sw_nldas.rds"	FALSE	FALSE	FALSE	"2006-10-01"	"2016-03-01"
".temp_ts/nwis_08068500-ts_sw_nldas.rds"	FALSE	FALSE	FALSE	"2006-10-01"	"2016-03-01"
".temp_ts/nwis_08069500-ts_sw_nldas.rds"	FALSE	FALSE	FALSE	"2006-10-01"	"2016-03-01"
".temp_ts/nwis_08070200-ts_sw_nldas.rds"	FALSE	FALSE	FALSE	"2006-10-01"	"2016-03-01"
".temp_ts/nwis_08155500-ts_sw_nldas.rds"	FALSE	FALSE	FALSE	"2006-10-01"	"2016-03-01"
".temp_ts/nwis_08171290-ts_sw_nldas.rds"	FALSE	FALSE	FALSE	"2006-10-01"	"2016-03-01"
".temp_ts/nwis_08180700-ts_sw_nldas.rds"	FALSE	FALSE	FALSE	"2006-10-01"	"2016-03-01"
".temp_ts/nwis_08180850-ts_sw_nldas.rds"	FALSE	FALSE	FALSE	"2006-10-01"	"2016-03-01"
".temp_ts/nwis_08181500-ts_sw_nldas.rds"	FALSE	FALSE	FALSE	"2006-10-01"	"2016-03-01"
".temp_ts/nwis_08181800-ts_sw_nldas.rds"	FALSE	FALSE	FALSE	"2006-10-01"	"2016-03-01"
".temp_ts/nwis_08188060-ts_sw_nldas.rds"	FALSE	FALSE	FALSE	"2006-10-01"	"2016-03-01"
".temp_ts/nwis_08211200-ts_sw_nldas.rds"	FALSE	FALSE	FALSE	"2006-10-01"	"2016-03-01"
".temp_ts/nwis_08317400-ts_sw_nldas.rds"	FALSE	FALSE	FALSE	"2006-10-01"	"2016-03-01"
".temp_ts/nwis_08371500-ts_sw_nldas.rds"	FALSE	FALSE	FALSE	"2006-10-01"	"2016-03-01"
".temp_ts/nwis_08374200-ts_sw_nldas.rds"	FALSE	FALSE	FALSE	"2006-10-01"	"2016-03-01"
".temp_ts/nwis_08374510-ts_sw_nldas.rds"	FALSE	FALSE	FALSE	"2006-10-01"	"2016-03-01"
".temp_ts/nwis_08374550-ts_sw_nldas.rds"	FALSE	FALSE	FALSE	"2006-10-01"	"2016-03-01"
".temp_ts/nwis_08375300-ts_sw_nldas.rds"	FALSE	FALSE	FALSE	"2006-10-01"	"2016-03-01"
".temp_ts/nwis_08377200-ts_sw_nldas.rds"	FALSE	FALSE	FALSE	"2006-10-01"	"2016-03-01"
".temp_ts/nwis_08412500-ts_sw_nldas.rds"	FALSE	FALSE	FALSE	"2006-10-01"	"2016-03-01"
".temp_ts/nwis_08420500-ts_sw_nldas.rds"	FALSE	FALSE	FALSE	"2006-10-01"	"2016-03-01"
".temp_ts/nwis_08437710-ts_sw_nldas.rds"	FALSE	FALSE	FALSE	"2006-10-01"	"2016-03-01"
".temp_ts/nwis_08446500-ts_sw_nldas.rds"	FALSE	FALSE	FALSE	"2006-10-01"	"2016-03-01"
".temp_ts/nwis_08447000-ts_sw_nldas.rds"	FALSE	FALSE	FALSE	"2006-10-01"	"2016-03-01"
".temp_ts/nwis_08447018-ts_sw_nldas.rds"	FALSE	FALSE	FALSE	"2006-10-01"	"2016-03-01"
".temp_ts/nwis_08447300-ts_sw_nldas.rds"	FALSE	FALSE	FALSE	"2006-10-01"	"2016-03-01"
".temp_ts/nwis_08447410-ts_sw_nldas.rds"	FALSE	FALSE	FALSE	"2006-10-01"	"2016-03-01"
".temp_ts/nwis_08470500-ts_sw_nldas.rds"	FALSE	FALSE	FALSE	"2006-10-01"	"2016-03-01"
".temp_ts/nwis_09041400-ts_sw_nldas.rds"	FALSE	FALSE	FALSE	"2006-10-01"	"2016-03-01"
".temp_ts/nwis_09326500-ts_sw_nldas.rds"	FALSE	FALSE	FALSE	"2006-10-01"	"2016-03-01"
".temp_ts/nwis_09327000-ts_sw_nldas.rds"	FALSE	FALSE	FALSE	"2006-10-01"	"2016-03-01"
".temp_ts/nwis_09406000-ts_sw_nldas.rds"	FALSE	FALSE	FALSE	"2006-10-01"	"2016-03-01"
".temp_ts/nwis_10129900-ts_sw_nldas.rds"	FALSE	FALSE	FALSE	"2006-10-01"	"2016-03-01"
".temp_ts/nwis_10133650-ts_sw_nldas.rds"	FALSE	FALSE	FALSE	"2006-10-01"	"2016-03-01"
".temp_ts/nwis_10133800-ts_sw_nldas.rds"	FALSE	FALSE	FALSE	"2006-10-01"	"2016-03-01"
".temp_ts/nwis_10133980-ts_sw_nldas.rds"	FALSE	FALSE	FALSE	"2006-10-01"	"2016-03-01"
".temp_ts/nwis_11044000-ts_sw_nldas.rds"	FALSE	FALSE	FALSE	"2006-10-01"	"2016-03-01"
".temp_ts/nwis_11046062-ts_sw_nldas.rds"	FALSE	FALSE	FALSE	"2006-10-01"	"2016-03-01"
".temp_ts/nwis_11046072-ts_sw_nldas.rds"	FALSE	FALSE	FALSE	"2006-10-01"	"2016-03-01"
".temp_ts/nwis_11046102-ts_sw_nldas.rds"	FALSE	FALSE	FALSE	"2006-10-01"	"2016-03-01"
".temp_ts/nwis_11046252-ts_sw_nldas.rds"	FALSE	FALSE	FALSE	"2006-10-01"	"2016-03-01"
".temp_ts/nwis_11046372-ts_sw_nldas.rds"	FALSE	FALSE	FALSE	"2006-10-01"	"2016-03-01"
".temp_ts/nwis_11126000-ts_sw_nldas.rds"	FALSE	FALSE	FALSE	"2006-10-01"	"2016-03-01"
".temp_ts/nwis_11273400-ts_sw_nldas.rds"	FALSE	FALSE	FALSE	"2006-10-01"	"2016-03-01"
".temp_ts/nwis_11285500-ts_sw_nldas.rds"	FALSE	FALSE	FALSE	"2006-10-01"	"2016-03-01"
".temp_ts/nwis_11313433-ts_sw_nldas.rds"	FALSE	FALSE	FALSE	"2006-10-01"	"2016-03-01"
".temp_ts/nwis_11337190-ts_sw_nldas.rds"	FALSE	FALSE	FALSE	"2006-10-01"	"2016-03-01"
".temp_ts/nwis_11447650-ts_sw_nldas.rds"	FALSE	FALSE	FALSE	"2006-10-01"	"2016-03-01"
".temp_ts/nwis_11447830-ts_sw_nldas.rds"	FALSE	FALSE	FALSE	"2006-10-01"	"2016-03-01"
".temp_ts/nwis_11447850-ts_sw_nldas.rds"	FALSE	FALSE	FALSE	"2006-10-01"	"2016-03-01"
".temp_ts/nwis_11447890-ts_sw_nldas.rds"	FALSE	FALSE	FALSE	"2006-10-01"	"2016-03-01"
".temp_ts/nwis_11455139-ts_sw_nldas.rds"	FALSE	FALSE	FALSE	"2006-10-01"	"2016-03-01"
".temp_ts/nwis_11455146-ts_sw_nldas.rds"	FALSE	FALSE	FALSE	"2006-10-01"	"2016-03-01"
".temp_ts/nwis_11455165-ts_sw_nldas.rds"	FALSE	FALSE	FALSE	"2006-10-01"	"2016-03-01"
".temp_ts/nwis_11455315-ts_sw_nldas.rds"	FALSE	FALSE	FALSE	"2006-10-01"	"2016-03-01"
".temp_ts/nwis_11455350-ts_sw_nldas.rds"	FALSE	FALSE	FALSE	"2006-10-01"	"2016-03-01"
".temp_ts/nwis_11455478-ts_sw_nldas.rds"	FALSE	FALSE	FALSE	"2006-10-01"	"2016-03-01"
".temp_ts/nwis_11462500-ts_sw_nldas.rds"	FALSE	FALSE	FALSE	"2006-10-01"	"2016-03-01"
".temp_ts/nwis_11463000-ts_sw_nldas.rds"	FALSE	FALSE	FALSE	"2006-10-01"	"2016-03-01"
".temp_ts/nwis_11463682-ts_sw_nldas.rds"	FALSE	FALSE	FALSE	"2006-10-01"	"2016-03-01"
".temp_ts/nwis_11463980-ts_sw_nldas.rds"	FALSE	FALSE	FALSE	"2006-10-01"	"2016-03-01"
".temp_ts/nwis_11465240-ts_sw_nldas.rds"	FALSE	FALSE	FALSE	"2006-10-01"	"2016-03-01"
".temp_ts/nwis_11467000-ts_sw_nldas.rds"	FALSE	FALSE	FALSE	"2006-10-01"	"2016-03-01"
".temp_ts/nwis_11507501-ts_sw_nldas.rds"	FALSE	FALSE	FALSE	"2006-10-01"	"2016-03-01"
".temp_ts/nwis_11509370-ts_sw_nldas.rds"	FALSE	FALSE	FALSE	"2006-10-01"	"2016-03-01"
".temp_ts/nwis_12098700-ts_sw_nldas.rds"	FALSE	FALSE	FALSE	"2006-10-01"	"2016-03-01"
".temp_ts/nwis_12100490-ts_sw_nldas.rds"	FALSE	FALSE	FALSE	"2006-10-01"	"2016-03-01"
".temp_ts/nwis_12101100-ts_sw_nldas.rds"	FALSE	FALSE	FALSE	"2006-10-01"	"2016-03-01"
".temp_ts/nwis_12102012-ts_sw_nldas.rds"	FALSE	FALSE	FALSE	"2006-10-01"	"2016-03-01"
".temp_ts/nwis_12165800-ts_sw_nldas.rds"	FALSE	FALSE	FALSE	"2006-10-01"	"2016-03-01"
".temp_ts/nwis_12166000-ts_sw_nldas.rds"	FALSE	FALSE	FALSE	"2006-10-01"	"2016-03-01"
".temp_ts/nwis_12168997-ts_sw_nldas.rds"	FALSE	FALSE	FALSE	"2006-10-01"	"2016-03-01"
".temp_ts/nwis_12169500-ts_sw_nldas.rds"	FALSE	FALSE	FALSE	"2006-10-01"	"2016-03-01"
".temp_ts/nwis_12170000-ts_sw_nldas.rds"	FALSE	FALSE	FALSE	"2006-10-01"	"2016-03-01"
".temp_ts/nwis_13013650-ts_sw_nldas.rds"	FALSE	FALSE	FALSE	"2006-10-01"	"2016-03-01"
".temp_ts/nwis_13173600-ts_sw_nldas.rds"	FALSE	FALSE	FALSE	"2006-10-01"	"2016-03-01"
".temp_ts/nwis_13206400-ts_sw_nldas.rds"	FALSE	FALSE	FALSE	"2006-10-01"	"2016-03-01"
".temp_ts/nwis_13207500-ts_sw_nldas.rds"	FALSE	FALSE	FALSE	"2006-10-01"	"2016-03-01"
".temp_ts/nwis_13213000-ts_sw_nldas.rds"	FALSE	FALSE	FALSE	"2006-10-01"	"2016-03-01"
".temp_ts/nwis_13213100-ts_sw_nldas.rds"	FALSE	FALSE	FALSE	"2006-10-01"	"2016-03-01"
".temp_ts/nwis_14158100-ts_sw_nldas.rds"	FALSE	FALSE	FALSE	"2006-10-01"	"2016-03-01"
".temp_ts/nwis_14162500-ts_sw_nldas.rds"	FALSE	FALSE	FALSE	"2006-10-01"	"2016-03-01"
".temp_ts/nwis_14182500-ts_sw_nldas.rds"	FALSE	FALSE	FALSE	"2006-10-01"	"2016-03-01"
".temp_ts/nwis_14202650-ts_sw_nldas.rds"	FALSE	FALSE	FALSE	"2006-10-01"	"2016-03-01"
".temp_ts/nwis_14202980-ts_sw_nldas.rds"	FALSE	FALSE	FALSE	"2006-10-01"	"2016-03-01"
".temp_ts/nwis_14206694-ts_sw_nldas.rds"	FALSE	FALSE	FALSE	"2006-10-01"	"2016-03-01"
".temp_ts/nwis_14206950-ts_sw_nldas.rds"	FALSE	FALSE	FALSE	"2006-10-01"	"2016-03-01"
".temp_ts/nwis_14207200-ts_sw_nldas.rds"	FALSE	FALSE	FALSE	"2006-10-01"	"2016-03-01"
".temp_ts/nwis_14209710-ts_sw_nldas.rds"	FALSE	FALSE	FALSE	"2006-10-01"	"2016-03-01"
".temp_ts/nwis_14210000-ts_sw_nldas.rds"	FALSE	FALSE	FALSE	"2006-10-01"	"2016-03-01"
".temp_ts/nwis_14211010-ts_sw_nldas.rds"	FALSE	FALSE	FALSE	"2006-10-01"	"2016-03-01"
".temp_ts/nwis_14211720-ts_sw_nldas.rds"	FALSE	FALSE	FALSE	"2006-10-01"	"2016-03-01"
".temp_ts/nwis_14301500-ts_sw_nldas.rds"	FALSE	FALSE	FALSE	"2006-10-01"	"2016-03-01"
".temp_ts/nwis_14302480-ts_sw_nldas.rds"	FALSE	FALSE	FALSE	"2006-10-01"	"2016-03-01"
".temp_ts/nwis_14309000-ts_sw_nldas.rds"	FALSE	FALSE	FALSE	"2006-10-01"	"2016-03-01"
".temp_ts/nwis_14316460-ts_sw_nldas.rds"	FALSE	FALSE	FALSE	"2006-10-01"	"2016-03-01"
".temp_ts/nwis_14317450-ts_sw_nldas.rds"	FALSE	FALSE	FALSE	"2006-10-01"	"2016-03-01"
".temp_ts/nwis_15298040-ts_sw_nldas.rds"	FALSE	FALSE	FALSE	"2006-10-01"	"2016-03-01"
".temp_ts/nwis_291830081362200-ts_sw_nldas.rds"	FALSE	FALSE	FALSE	"2006-10-01"	"2016-03-01"
".temp_ts/nwis_294213081345300-ts_sw_nldas.rds"	FALSE	FALSE	FALSE	"2006-10-01"	"2016-03-01"
".temp_ts/nwis_295554095093402-ts_sw_nldas.rds"	FALSE	FALSE	FALSE	"2006-10-01"	"2016-03-01"
".temp_ts/nwis_295826095082200-ts_sw_nldas.rds"	FALSE	FALSE	FALSE	"2006-10-01"	"2016-03-01"
".temp_ts/nwis_301124081395901-ts_sw_nldas.rds"	FALSE	FALSE	FALSE	"2006-10-01"	"2016-03-01"
".temp_ts/nwis_301527088521500-ts_sw_nldas.rds"	FALSE	FALSE	FALSE	"2006-10-01"	"2016-03-01"
".temp_ts/nwis_301912088583300-ts_sw_nldas.rds"	FALSE	FALSE	FALSE	"2006-10-01"	"2016-03-01"
".temp_ts/nwis_302309081333001-ts_sw_nldas.rds"	FALSE	FALSE	FALSE	"2006-10-01"	"2016-03-01"
".temp_ts/nwis_305215089073600-ts_sw_nldas.rds"	FALSE	FALSE	FALSE	"2006-10-01"	"2016-03-01"
".temp_ts/nwis_310506089291200-ts_sw_nldas.rds"	FALSE	FALSE	FALSE	"2006-10-01"	"2016-03-01"
".temp_ts/nwis_310805089141600-ts_sw_nldas.rds"	FALSE	FALSE	FALSE	"2006-10-01"	"2016-03-01"
".temp_ts/nwis_311845091272200-ts_sw_nldas.rds"	FALSE	FALSE	FALSE	"2006-10-01"	"2016-03-01"
".temp_ts/nwis_312514091273400-ts_sw_nldas.rds"	FALSE	FALSE	FALSE	"2006-10-01"	"2016-03-01"
".temp_ts/nwis_314416091213400-ts_sw_nldas.rds"	FALSE	FALSE	FALSE	"2006-10-01"	"2016-03-01"
".temp_ts/nwis_323733107011002-ts_sw_nldas.rds"	FALSE	FALSE	FALSE	"2006-10-01"	"2016-03-01"
".temp_ts/nwis_324007107095501-ts_sw_nldas.rds"	FALSE	FALSE	FALSE	"2006-10-01"	"2016-03-01"
".temp_ts/nwis_324955107180902-ts_sw_nldas.rds"	FALSE	FALSE	FALSE	"2006-10-01"	"2016-03-01"
".temp_ts/nwis_330203091020200-ts_sw_nldas.rds"	FALSE	FALSE	FALSE	"2006-10-01"	"2016-03-01"
".temp_ts/nwis_330359090194135-ts_sw_nldas.rds"	FALSE	FALSE	FALSE	"2006-10-01"	"2016-03-01"
".temp_ts/nwis_330735090300200-ts_sw_nldas.rds"	FALSE	FALSE	FALSE	"2006-10-01"	"2016-03-01"
".temp_ts/nwis_331346117243401-ts_sw_nldas.rds"	FALSE	FALSE	FALSE	"2006-10-01"	"2016-03-01"
".temp_ts/nwis_331623091023700-ts_sw_nldas.rds"	FALSE	FALSE	FALSE	"2006-10-01"	"2016-03-01"
".temp_ts/nwis_333957091034100-ts_sw_nldas.rds"	FALSE	FALSE	FALSE	"2006-10-01"	"2016-03-01"
".temp_ts/nwis_340247088560200-ts_sw_nldas.rds"	FALSE	FALSE	FALSE	"2006-10-01"	"2016-03-01"
".temp_ts/nwis_341436088534500-ts_sw_nldas.rds"	FALSE	FALSE	FALSE	"2006-10-01"	"2016-03-01"
".temp_ts/nwis_343916088435600-ts_sw_nldas.rds"	FALSE	FALSE	FALSE	"2006-10-01"	"2016-03-01"
".temp_ts/nwis_351111089512501-ts_sw_nldas.rds"	FALSE	FALSE	FALSE	"2006-10-01"	"2016-03-01"
".temp_ts/nwis_351113089513401-ts_sw_nldas.rds"	FALSE	FALSE	FALSE	"2006-10-01"	"2016-03-01"
".temp_ts/nwis_364200119420001-ts_sw_nldas.rds"	FALSE	FALSE	FALSE	"2006-10-01"	"2016-03-01"
".temp_ts/nwis_364200119420002-ts_sw_nldas.rds"	FALSE	FALSE	FALSE	"2006-10-01"	"2016-03-01"
".temp_ts/nwis_375327097285402-ts_sw_nldas.rds"	FALSE	FALSE	FALSE	"2006-10-01"	"2016-03-01"
".temp_ts/nwis_375332097284802-ts_sw_nldas.rds"	FALSE	FALSE	FALSE	"2006-10-01"	"2016-03-01"
".temp_ts/nwis_375348097262800-ts_sw_nldas.rds"	FALSE	FALSE	FALSE	"2006-10-01"	"2016-03-01"
".temp_ts/nwis_375350097262800-ts_sw_nldas.rds"	FALSE	FALSE	FALSE	"2006-10-01"	"2016-03-01"
".temp_ts/nwis_385446094430700-ts_sw_nldas.rds"	FALSE	FALSE	FALSE	"2006-10-01"	"2016-03-01"
".temp_ts/nwis_385520094420000-ts_sw_nldas.rds"	FALSE	FALSE	FALSE	"2006-10-01"	"2016-03-01"
".temp_ts/nwis_385608094380300-ts_sw_nldas.rds"	FALSE	FALSE	FALSE	"2006-10-01"	"2016-03-01"
".temp_ts/nwis_410333095530101-ts_sw_nldas.rds"	FALSE	FALSE	FALSE	"2006-10-01"	"2016-03-01"
".temp_ts/nwis_411955088280601-ts_sw_nldas.rds"	FALSE	FALSE	FALSE	"2006-10-01"	"2016-03-01"
".temp_ts/nwis_412126095565201-ts_sw_nldas.rds"	FALSE	FALSE	FALSE	"2006-10-01"	"2016-03-01"
".temp_ts/nwis_414037088003201-ts_sw_nldas.rds"	FALSE	FALSE	FALSE	"2006-10-01"	"2016-03-01"
".temp_ts/nwis_414042088003201-ts_sw_nldas.rds"	FALSE	FALSE	FALSE	"2006-10-01"	"2016-03-01"
".temp_ts/nwis_415007121102001-ts_sw_nldas.rds"	FALSE	FALSE	FALSE	"2006-10-01"	"2016-03-01"
".temp_ts/nwis_420451121510000-ts_sw_nldas.rds"	FALSE	FALSE	FALSE	"2006-10-01"	"2016-03-01"
".temp_ts/nwis_420615121533600-ts_sw_nldas.rds"	FALSE	FALSE	FALSE	"2006-10-01"	"2016-03-01"
".temp_ts/nwis_420615121533601-ts_sw_nldas.rds"	FALSE	FALSE	FALSE	"2006-10-01"	"2016-03-01"
".temp_ts/nwis_420741121554001-ts_sw_nldas.rds"	FALSE	FALSE	FALSE	"2006-10-01"	"2016-03-01"
".temp_ts/nwis_420853121505500-ts_sw_nldas.rds"	FALSE	FALSE	FALSE	"2006-10-01"	"2016-03-01"
".temp_ts/nwis_420853121505501-ts_sw_nldas.rds"	FALSE	FALSE	FALSE	"2006-10-01"	"2016-03-01"
".temp_ts/nwis_421015121471800-ts_sw_nldas.rds"	FALSE	FALSE	FALSE	"2006-10-01"	"2016-03-01"
".temp_ts/nwis_421209121463000-ts_sw_nldas.rds"	FALSE	FALSE	FALSE	"2006-10-01"	"2016-03-01"
".temp_ts/nwis_421209121463001-ts_sw_nldas.rds"	FALSE	FALSE	FALSE	"2006-10-01"	"2016-03-01"
".temp_ts/nwis_421401121480900-ts_sw_nldas.rds"	FALSE	FALSE	FALSE	"2006-10-01"	"2016-03-01"
".temp_ts/nwis_421410121492000-ts_sw_nldas.rds"	FALSE	FALSE	FALSE	"2006-10-01"	"2016-03-01"
".temp_ts/nwis_421838121513900-ts_sw_nldas.rds"	FALSE	FALSE	FALSE	"2006-10-01"	"2016-03-01"
".temp_ts/nwis_421933121550000-ts_sw_nldas.rds"	FALSE	FALSE	FALSE	"2006-10-01"	"2016-03-01"
".temp_ts/nwis_422042121513100-ts_sw_nldas.rds"	FALSE	FALSE	FALSE	"2006-10-01"	"2016-03-01"
".temp_ts/nwis_422128121530600-ts_sw_nldas.rds"	FALSE	FALSE	FALSE	"2006-10-01"	"2016-03-01"
".temp_ts/nwis_422305121553800-ts_sw_nldas.rds"	FALSE	FALSE	FALSE	"2006-10-01"	"2016-03-01"
".temp_ts/nwis_422305121553803-ts_sw_nldas.rds"	FALSE	FALSE	FALSE	"2006-10-01"	"2016-03-01"
".temp_ts/nwis_422437121515200-ts_sw_nldas.rds"	FALSE	FALSE	FALSE	"2006-10-01"	"2016-03-01"
".temp_ts/nwis_422559121574400-ts_sw_nldas.rds"	FALSE	FALSE	FALSE	"2006-10-01"	"2016-03-01"
".temp_ts/nwis_422622122004000-ts_sw_nldas.rds"	FALSE	FALSE	FALSE	"2006-10-01"	"2016-03-01"
".temp_ts/nwis_422622122004003-ts_sw_nldas.rds"	FALSE	FALSE	FALSE	"2006-10-01"	"2016-03-01"
".temp_ts/nwis_422719121571400-ts_sw_nldas.rds"	FALSE	FALSE	FALSE	"2006-10-01"	"2016-03-01"
".temp_ts/nwis_422749121540700-ts_sw_nldas.rds"	FALSE	FALSE	FALSE	"2006-10-01"	"2016-03-01"
".temp_ts/nwis_422808122024400-ts_sw_nldas.rds"	FALSE	FALSE	FALSE	"2006-10-01"	"2016-03-01"
".temp_ts/nwis_422842121584300-ts_sw_nldas.rds"	FALSE	FALSE	FALSE	"2006-10-01"	"2016-03-01"
".temp_ts/nwis_423124121583400-ts_sw_nldas.rds"	FALSE	FALSE	FALSE	"2006-10-01"	"2016-03-01"
".temp_ts/nwis_423335121564300-ts_sw_nldas.rds"	FALSE	FALSE	FALSE	"2006-10-01"	"2016-03-01"
".temp_ts/nwis_431037090043401-ts_sw_nldas.rds"	FALSE	FALSE	FALSE	"2006-10-01"	"2016-03-01"
".temp_ts/nwis_443320089212303-ts_sw_nldas.rds"	FALSE	FALSE	FALSE	"2006-10-01"	"2016-03-01"
".temp_ts/nwis_443320089212304-ts_sw_nldas.rds"	FALSE	FALSE	FALSE	"2006-10-01"	"2016-03-01"
".temp_ts/nwis_444728122450000-ts_sw_nldas.rds"	FALSE	FALSE	FALSE	"2006-10-01"	"2016-03-01"
".temp_ts/nwis_452230122512201-ts_sw_nldas.rds"	FALSE	FALSE	FALSE	"2006-10-01"	"2016-03-01"
".temp_ts/nwis_453004122510301-ts_sw_nldas.rds"	FALSE	FALSE	FALSE	"2006-10-01"	"2016-03-01"
".temp_ts/nwis_453030122560101-ts_sw_nldas.rds"	FALSE	FALSE	FALSE	"2006-10-01"	"2016-03-01"
".temp_ts/nwis_453040123065201-ts_sw_nldas.rds"	FALSE	FALSE	FALSE	"2006-10-01"	"2016-03-01"
".temp_ts/nwis_453113123003501-ts_sw_nldas.rds"	FALSE	FALSE	FALSE	"2006-10-01"	"2016-03-01"
".temp_ts/nwis_453604122060000-ts_sw_nldas.rds"	FALSE	FALSE	FALSE	"2006-10-01"	"2016-03-01"
".temp_ts/nwis_454554119121801-ts_sw_nldas.rds"	FALSE	FALSE	FALSE	"2006-10-01"	"2016-03-01"
".temp_ts/nwis_454705122451400-ts_sw_nldas.rds"	FALSE	FALSE	FALSE	"2006-10-01"	"2016-03-01"
".temp_ts/nwis_455415119314601-ts_sw_nldas.rds"	FALSE	FALSE	FALSE	"2006-10-01"	"2016-03-01"
".temp_ts/nwis_460939123201600-ts_sw_nldas.rds"	FALSE	FALSE	FALSE	"2006-10-01"	"2016-03-01"
".temp_ts/nwis_461518123285700-ts_sw_nldas.rds"	FALSE	FALSE	FALSE	"2006-10-01"	"2016-03-01"
".temp_ts/nwis_50048565-ts_sw_nldas.rds"	FALSE	FALSE	FALSE	"2006-10-01"	"2016-03-01"
".temp_ts/nwis_50048580-ts_sw_nldas.rds"	FALSE	FALSE	FALSE	"2006-10-01"	"2016-03-01"
".temp_ts/nwis_50231500-ts_sw_nldas.rds"	FALSE	FALSE	FALSE	"2006-10-01"	"2016-03-01"
".temp_ts/nwis_01104430-ts_sw_nldas.rds"	FALSE	FALSE	FALSE	"2006-10-01"	"2016-03-01"
".temp_ts/nwis_01124000-ts_sw_nldas.rds"	FALSE	FALSE	FALSE	"2006-10-01"	"2016-03-01"
".temp_ts/nwis_01125100-ts_sw_nldas.rds"	FALSE	FALSE	FALSE	"2006-10-01"	"2016-03-01"
".temp_ts/nwis_01184000-ts_sw_nldas.rds"	FALSE	FALSE	FALSE	"2006-10-01"	"2016-03-01"
".temp_ts/nwis_01193463-ts_sw_nldas.rds"	FALSE	FALSE	FALSE	"2006-10-01"	"2016-03-01"
".temp_ts/nwis_01196222-ts_sw_nldas.rds"	FALSE	FALSE	FALSE	"2006-10-01"	"2016-03-01"
".temp_ts/nwis_01196500-ts_sw_nldas.rds"	FALSE	FALSE	FALSE	"2006-10-01"	"2016-03-01"
".temp_ts/nwis_01196528-ts_sw_nldas.rds"	FALSE	FALSE	FALSE	"2006-10-01"	"2016-03-01"
".temp_ts/nwis_01200600-ts_sw_nldas.rds"	FALSE	FALSE	FALSE	"2006-10-01"	"2016-03-01"
".temp_ts/nwis_01201487-ts_sw_nldas.rds"	FALSE	FALSE	FALSE	"2006-10-01"	"2016-03-01"
".temp_ts/nwis_01203000-ts_sw_nldas.rds"	FALSE	FALSE	FALSE	"2006-10-01"	"2016-03-01"
".temp_ts/nwis_01208500-ts_sw_nldas.rds"	FALSE	FALSE	FALSE	"2006-10-01"	"2016-03-01"
".temp_ts/nwis_01208990-ts_sw_nldas.rds"	FALSE	FALSE	FALSE	"2006-10-01"	"2016-03-01"
".temp_ts/nwis_02315626-ts_sw_nldas.rds"	FALSE	FALSE	FALSE	"2006-10-01"	"2016-03-01"
".temp_ts/nwis_02319520-ts_sw_nldas.rds"	FALSE	FALSE	FALSE	"2006-10-01"	"2016-03-01"
".temp_ts/nwis_02319950-ts_sw_nldas.rds"	FALSE	FALSE	FALSE	"2006-10-01"	"2016-03-01"
".temp_ts/nwis_04144032-ts_sw_nldas.rds"	FALSE	FALSE	FALSE	"2006-10-01"	"2016-03-01"
".temp_ts/nwis_04183038-ts_sw_nldas.rds"	FALSE	FALSE	FALSE	"2006-10-01"	"2016-03-01"
".temp_ts/nwis_04213152-ts_sw_nldas.rds"	FALSE	FALSE	FALSE	"2006-10-01"	"2016-03-01"
".temp_ts/nwis_03216070-ts_sw_nldas.rds"	FALSE	FALSE	FALSE	"2006-10-01"	"2016-03-01"
".temp_ts/nwis_03238140-ts_sw_nldas.rds"	FALSE	FALSE	FALSE	"2006-10-01"	"2016-03-01"
".temp_ts/nwis_03238745-ts_sw_nldas.rds"	FALSE	FALSE	FALSE	"2006-10-01"	"2016-03-01"
".temp_ts/nwis_03238772-ts_sw_nldas.rds"	FALSE	FALSE	FALSE	"2006-10-01"	"2016-03-01"
".temp_ts/nwis_03289200-ts_sw_nldas.rds"	FALSE	FALSE	FALSE	"2006-10-01"	"2016-03-01"
".temp_ts/nwis_03306000-ts_sw_nldas.rds"	FALSE	FALSE	FALSE	"2006-10-01"	"2016-03-01"
".temp_ts/nwis_03346500-ts_sw_nldas.rds"	FALSE	FALSE	FALSE	"2006-10-01"	"2016-03-01"
".temp_ts/nwis_03353420-ts_sw_nldas.rds"	FALSE	FALSE	FALSE	"2006-10-01"	"2016-03-01"
".temp_ts/nwis_03381495-ts_sw_nldas.rds"	FALSE	FALSE	FALSE	"2006-10-01"	"2016-03-01"
".temp_ts/nwis_03426310-ts_sw_nldas.rds"	FALSE	FALSE	FALSE	"2006-10-01"	"2016-03-01"
".temp_ts/nwis_03432331-ts_sw_nldas.rds"	FALSE	FALSE	FALSE	"2006-10-01"	"2016-03-01"
".temp_ts/nwis_0343233905-ts_sw_nldas.rds"	FALSE	FALSE	FALSE	"2006-10-01"	"2016-03-01"
".temp_ts/nwis_03432670-ts_sw_nldas.rds"	FALSE	FALSE	FALSE	"2006-10-01"	"2016-03-01"
".temp_ts/nwis_03597860-ts_sw_nldas.rds"	FALSE	FALSE	FALSE	"2006-10-01"	"2016-03-01"
".temp_ts/nwis_05446500-ts_sw_nldas.rds"	FALSE	FALSE	FALSE	"2006-10-01"	"2016-03-01"
".temp_ts/nwis_05447500-ts_sw_nldas.rds"	FALSE	FALSE	FALSE	"2006-10-01"	"2016-03-01"
".temp_ts/nwis_05518000-ts_sw_nldas.rds"	FALSE	FALSE	FALSE	"2006-10-01"	"2016-03-01"
".temp_ts/nwis_05538010-ts_sw_nldas.rds"	FALSE	FALSE	FALSE	"2006-10-01"	"2016-03-01"
".temp_ts/nwis_05538020-ts_sw_nldas.rds"	FALSE	FALSE	FALSE	"2006-10-01"	"2016-03-01"
".temp_ts/nwis_05576100-ts_sw_nldas.rds"	FALSE	FALSE	FALSE	"2006-10-01"	"2016-03-01"
".temp_ts/nwis_05576195-ts_sw_nldas.rds"	FALSE	FALSE	FALSE	"2006-10-01"	"2016-03-01"
".temp_ts/nwis_05595000-ts_sw_nldas.rds"	FALSE	FALSE	FALSE	"2006-10-01"	"2016-03-01"
".temp_ts/nwis_05599490-ts_sw_nldas.rds"	FALSE	FALSE	FALSE	"2006-10-01"	"2016-03-01"
".temp_ts/nwis_06887500-ts_sw_nldas.rds"	FALSE	FALSE	FALSE	"2006-10-01"	"2016-03-01"
".temp_ts/nwis_06892350-ts_sw_nldas.rds"	FALSE	FALSE	FALSE	"2006-10-01"	"2016-03-01"
".temp_ts/nwis_06893390-ts_sw_nldas.rds"	FALSE	FALSE	FALSE	"2006-10-01"	"2016-03-01"
".temp_ts/nwis_07048495-ts_sw_nldas.rds"	FALSE	FALSE	FALSE	"2006-10-01"	"2016-03-01"
".temp_ts/nwis_07144100-ts_sw_nldas.rds"	FALSE	FALSE	FALSE	"2006-10-01"	"2016-03-01"
".temp_ts/nwis_12102075-ts_sw_nldas.rds"	FALSE	FALSE	FALSE	"2006-10-01"	"2016-03-01"
".temp_ts/nwis_11128500-ts_sw_nldas.rds"	FALSE	FALSE	FALSE	"2006-10-01"	"2016-03-01"
".temp_ts/nwis_11455142-ts_sw_nldas.rds"	FALSE	FALSE	FALSE	"2006-10-01"	"2016-03-01"
".temp_ts/nwis_420732121501100-ts_sw_nldas.rds"	FALSE	FALSE	FALSE	"2006-10-01"	"2016-03-01"
